"No.","Time","Source","Destination","Protocol","Length","Info"
"1","0.000000","192.168.1.25","192.168.1.255","NBNS","92","Name query NB DESKTOP-9CQD17A<1c>"
"2","0.348752","192.168.1.19","157.240.23.53","TLSv1.2","123","Application Data"
"3","0.358841","157.240.23.53","192.168.1.19","TCP","56","443  >  49795 [ACK] Seq=1 Ack=70 Win=358 Len=0"
"4","0.552931","157.240.23.53","192.168.1.19","TLSv1.2","125","Application Data"
"5","0.595619","192.168.1.19","157.240.23.53","TCP","54","49795  >  443 [ACK] Seq=70 Ack=72 Win=514 Len=0"
"6","0.716741","192.168.1.25","192.168.1.255","NBNS","92","Name query NB DESKTOP-9CQD17A<1c>"
"8","1.126938","192.168.1.19","54.255.187.139","UDP","492","57727  >  1053 Len=1930"
"11","1.582294","142.250.182.46","192.168.1.19","UDP","79","443  >  58785 Len=37"
"12","1.584049","192.168.1.19","142.250.182.46","UDP","75","58785  >  443 Len=33"
"14","1.588990","192.168.1.19","54.179.212.40","UDP","492","57728  >  1053 Len=1930"
"15","1.709061","192.168.1.19","142.250.71.14","UDP","1287","53677  >  443 Len=1245"
"16","1.709354","192.168.1.19","142.250.71.14","UDP","1046","53677  >  443 Len=1004"
"17","1.713662","142.250.71.14","192.168.1.19","UDP","73","443  >  53677 Len=31"
"18","1.727135","192.168.1.19","142.250.71.14","UDP","75","53677  >  443 Len=33"
"19","1.788499","192.168.1.19","142.250.182.46","UDP","71","58785  >  443 Len=29"
"20","1.792759","142.250.182.46","192.168.1.19","UDP","68","443  >  58785 Len=26"
"21","1.929109","192.168.1.19","142.250.71.14","UDP","71","53677  >  443 Len=29"
"22","1.932296","142.250.71.14","192.168.1.19","UDP","68","443  >  53677 Len=26"
"23","2.006262","192.168.1.19","142.250.182.46","UDP","71","58785  >  443 Len=29"
"24","2.013154","142.250.182.46","192.168.1.19","UDP","68","443  >  58785 Len=26"
"25","2.092585","142.250.71.14","192.168.1.19","UDP","532","443  >  53677 Len=490"
"26","2.093884","142.250.71.14","192.168.1.19","UDP","78","443  >  53677 Len=36"
"27","2.094025","142.250.71.14","192.168.1.19","UDP","282","443  >  53677 Len=240"
"28","2.094194","192.168.1.19","142.250.71.14","UDP","80","53677  >  443 Len=38"
"29","2.097607","142.250.71.14","192.168.1.19","UDP","68","443  >  53677 Len=26"
"30","2.098034","192.168.1.19","142.250.71.14","UDP","74","53677  >  443 Len=32"
"31","2.137468","172.253.118.188","192.168.1.19","TLSv1.2","389","Application Data"
"32","2.178215","192.168.1.19","172.253.118.188","TCP","54","58632  >  5228 [ACK] Seq=1 Ack=336 Win=507 Len=0"
"33","2.225205","192.168.1.19","142.250.182.46","UDP","71","58785  >  443 Len=29"
"34","2.230907","142.250.182.46","192.168.1.19","UDP","68","443  >  58785 Len=26"
"35","2.252763","192.168.1.25","192.168.1.255","NBNS","92","Name query NB DESKTOP-9CQD17A<1c>"
"37","2.398190","192.168.1.19","142.250.71.14","UDP","1287","53677  >  443 Len=1245"
"38","2.398325","192.168.1.19","142.250.71.14","UDP","462","53677  >  443 Len=420"
"39","2.403340","142.250.71.14","192.168.1.19","UDP","73","443  >  53677 Len=31"
"40","2.412946","192.168.1.19","142.250.71.14","UDP","75","53677  >  443 Len=33"
"41","2.443858","192.168.1.19","142.250.182.46","UDP","71","58785  >  443 Len=29"
"42","2.448051","142.250.182.46","192.168.1.19","UDP","68","443  >  58785 Len=26"
"44","2.616271","192.168.1.19","142.250.71.14","UDP","71","53677  >  443 Len=29"
"45","2.619175","142.250.71.14","192.168.1.19","UDP","68","443  >  53677 Len=26"
"46","2.662543","192.168.1.19","142.250.182.46","UDP","71","58785  >  443 Len=29"
"47","2.667007","142.250.182.46","192.168.1.19","UDP","68","443  >  58785 Len=26"
"48","2.777976","142.250.71.14","192.168.1.19","UDP","327","443  >  53677 Len=285"
"49","2.778510","142.250.71.14","192.168.1.19","UDP","1287","443  >  53677 Len=1245"
"50","2.778510","142.250.71.14","192.168.1.19","UDP","1292","443  >  53677 Len=1250"
"51","2.778510","142.250.71.14","192.168.1.19","UDP","1292","443  >  53677 Len=1250"
"52","2.778510","142.250.71.14","192.168.1.19","UDP","1292","443  >  53677 Len=1250"
"53","2.778510","142.250.71.14","192.168.1.19","UDP","1264","443  >  53677 Len=1222"
"54","2.778653","192.168.1.19","142.250.71.14","UDP","76","53677  >  443 Len=34"
"55","2.779108","192.168.1.19","142.250.71.14","UDP","82","53677  >  443 Len=40"
"56","2.779376","192.168.1.19","142.250.71.14","UDP","77","53677  >  443 Len=35"
"57","2.779565","192.168.1.19","142.250.71.14","UDP","77","53677  >  443 Len=35"
"58","2.779751","192.168.1.19","142.250.71.14","UDP","77","53677  >  443 Len=35"
"59","2.780025","192.168.1.19","142.250.71.14","UDP","75","53677  >  443 Len=33"
"60","2.783505","142.250.71.14","192.168.1.19","UDP","68","443  >  53677 Len=26"
"61","2.879425","192.168.1.19","142.250.182.46","UDP","71","58785  >  443 Len=29"
"62","2.884052","142.250.182.46","192.168.1.19","UDP","67","443  >  58785 Len=25"
"63","2.969402","192.168.1.25","192.168.1.255","NBNS","92","Name query NB DESKTOP-9CQD17A<1c>"
"64","3.298917","192.168.1.19","142.250.182.46","UDP","71","58785  >  443 Len=29"
"65","3.311515","142.250.182.46","192.168.1.19","UDP","68","443  >  58785 Len=26"
"66","3.686322","192.168.1.25","192.168.1.255","NBNS","92","Name query NB DESKTOP-9CQD17A<1c>"
"67","3.856646","104.18.36.252","192.168.1.19","TLSv1.2","78","Application Data"
"68","3.856979","192.168.1.19","104.18.36.252","TLSv1.2","82","Application Data"
"69","3.860493","104.18.36.252","192.168.1.19","TCP","54","443  >  58711 [ACK] Seq=25 Ack=29 Win=10 Len=0"
"70","4.125686","192.168.1.19","142.250.182.46","UDP","71","58785  >  443 Len=29"
"71","4.129790","142.250.182.46","192.168.1.19","UDP","68","443  >  58785 Len=26"
"72","4.364257","172.253.118.188","192.168.1.19","TLSv1.2","389","Application Data"
"73","4.406015","192.168.1.19","172.253.118.188","TCP","54","58632  >  5228 [ACK] Seq=1 Ack=671 Win=512 Len=0"
"74","4.505863","192.168.1.25","192.168.1.255","NBNS","92","Name query NB DESKTOP-9CQD17A<1c>"
"75","4.627331","192.168.1.19","142.250.71.14","UDP","1287","53677  >  443 Len=1245"
"76","4.627561","192.168.1.19","142.250.71.14","UDP","270","53677  >  443 Len=228"
"77","4.631703","142.250.71.14","192.168.1.19","UDP","73","443  >  53677 Len=31"
"78","4.640309","192.168.1.19","142.250.71.14","UDP","75","53677  >  443 Len=33"
"79","4.845105","192.168.1.19","142.250.71.14","UDP","71","53677  >  443 Len=29"
"80","4.848916","142.250.71.14","192.168.1.19","UDP","68","443  >  53677 Len=26"
"81","4.971013","142.250.71.14","192.168.1.19","UDP","1287","443  >  53677 Len=1245"
"82","4.971184","142.250.71.14","192.168.1.19","UDP","109","443  >  53677 Len=67"
"83","4.971252","142.250.71.14","192.168.1.19","UDP","1292","443  >  53677 Len=1250"
"84","4.971252","142.250.71.14","192.168.1.19","UDP","1292","443  >  53677 Len=1250"
"85","4.971448","142.250.71.14","192.168.1.19","UDP","1292","443  >  53677 Len=1250"
"86","4.971448","142.250.71.14","192.168.1.19","UDP","482","443  >  53677 Len=440"
"87","4.971906","192.168.1.19","142.250.71.14","UDP","81","53677  >  443 Len=39"
"88","4.972187","192.168.1.19","142.250.71.14","UDP","76","53677  >  443 Len=34"
"89","4.972428","192.168.1.19","142.250.71.14","UDP","77","53677  >  443 Len=35"
"90","4.972685","192.168.1.19","142.250.71.14","UDP","77","53677  >  443 Len=35"
"91","4.972916","192.168.1.19","142.250.71.14","UDP","75","53677  >  443 Len=33"
"92","4.975105","142.250.71.14","192.168.1.19","UDP","1292","443  >  53677 Len=1250"
"93","4.975105","142.250.71.14","192.168.1.19","UDP","1292","443  >  53677 Len=1250"
"94","4.975105","142.250.71.14","192.168.1.19","UDP","489","443  >  53677 Len=447"
"95","4.985354","192.168.1.19","142.250.71.14","UDP","75","53677  >  443 Len=33"
"96","5.222726","192.168.1.25","192.168.1.255","NBNS","92","Name query NB DESKTOP-9CQD17A<1c>"
"97","5.244749","157.240.23.53","192.168.1.19","TLSv1.2","142","Application Data"
"98","5.291440","192.168.1.19","157.240.23.53","TLSv1.2","126","Application Data"
"99","5.292994","157.240.23.53","192.168.1.19","TCP","56","443  >  49795 [ACK] Seq=160 Ack=142 Win=358 Len=0"
"100","5.730789","192.168.1.19","142.250.182.46","UDP","71","58785  >  443 Len=29"
"101","5.735150","142.250.182.46","192.168.1.19","UDP","68","443  >  58785 Len=26"
"102","5.762566","54.169.5.36","192.168.1.19","TCP","54","80  >  57614 [ACK] Seq=1 Ack=1 Win=60 Len=0"
"103","5.762641","192.168.1.19","54.169.5.36","TCP","54","[TCP ACKed unseen segment] 57614  >  80 [ACK] Seq=1 Ack=2 Win=514 Len=0"
"104","6.041966","192.168.1.25","192.168.1.255","NBNS","92","Name query NB DESKTOP-9CQD17A<1c>"
"106","6.590413","192.168.1.19","54.255.187.139","UDP","492","59274  >  1053 Len=1930"
"107","6.758541","192.168.1.25","192.168.1.255","NBNS","92","Name query NB DESKTOP-9CQD17A<1c>"
"108","7.082154","192.168.1.19","54.255.193.226","TCP","66","59004  >  80 [SYN] Seq=0 Win=64240 Len=0 MSS=1460 WS=256 SACK_PERM"
"109","7.082634","192.168.1.19","54.169.7.73","TCP","1506","57613  >  80 [ACK] Seq=1 Ack=1 Win=515 Len=1452"
"113","7.084498","192.168.1.19","54.179.212.40","DNS","492","Standard query 0x0a04[Malformed Packet]"
"114","7.084498","192.168.1.19","54.179.212.40","UDP","492","59275  >  1053 Len=1930"
"115","7.084554","54.169.7.73","192.168.1.19","TCP","56","80  >  57613 [ACK] Seq=1 Ack=1941 Win=346 Len=0"
"117","7.119182","192.168.1.19","54.255.193.226","TCP","54","59004  >  80 [ACK] Seq=1 Ack=1 Win=132096 Len=0"
"119","7.119856","192.168.1.19","54.255.193.226","TCP","1506","59004  >  80 [ACK] Seq=284 Ack=1 Win=132096 Len=1452 [TCP PDU reassembled in 120]"
"120","7.119856","192.168.1.19","54.255.193.226","HTTP","652","POST /cloudquery.php HTTP/1.1 "
"121","7.122079","54.255.193.226","192.168.1.19","TCP","54","80  >  59004 [ACK] Seq=1 Ack=284 Win=30720 Len=0"
"122","7.122981","54.255.193.226","192.168.1.19","TCP","54","80  >  59004 [ACK] Seq=1 Ack=2334 Win=34816 Len=0"
"123","7.124046","54.179.212.40","192.168.1.19","DNS","118","Standard query 0x0a04[Malformed Packet]"
"126","7.126373","192.168.1.19","54.179.212.40","DNS","492","Standard query 0x0a04[Malformed Packet]"
"127","7.162200","54.255.193.226","192.168.1.19","HTTP","638","HTTP/1.1 200 OK "
"129","7.164159","54.179.212.40","192.168.1.19","DNS","118","Standard query 0x0a04[Malformed Packet]"
"131","7.165294","192.168.1.19","54.255.187.139","DNS","492","Standard query 0x0a04[Malformed Packet]"
"132","7.168954","192.168.1.19","54.169.7.73","TCP","54","57613  >  80 [ACK] Seq=1941 Ack=285 Win=513 Len=0"
"134","7.200710","192.168.1.19","54.255.193.226","TCP","54","59004  >  80 [ACK] Seq=2335 Ack=586 Win=131328 Len=0"
"135","7.204673","54.255.187.139","192.168.1.19","DNS","118","Standard query 0x0a04[Malformed Packet]"
"137","7.205392","192.168.1.19","54.255.187.139","DNS","492","Standard query 0x0a04[Malformed Packet]"
"138","7.242520","54.255.187.139","192.168.1.19","DNS","118","Standard query 0x0a04[Malformed Packet]"
"139","7.475241","192.168.1.4","192.168.1.255","SMB Mailslot","248","Write Mail Slot"
"140","7.577940","192.168.1.25","192.168.1.255","NBNS","92","Name query NB DESKTOP-9CQD17A<1c>"
"141","8.295064","192.168.1.25","192.168.1.255","NBNS","92","Name query NB DESKTOP-9CQD17A<1c>"
"142","8.334625","142.250.182.46","192.168.1.19","UDP","79","443  >  58785 Len=37"
"143","8.336692","192.168.1.19","142.250.182.46","UDP","75","58785  >  443 Len=33"
"145","8.541878","192.168.1.19","142.250.182.46","UDP","71","58785  >  443 Len=29"
"146","8.546105","142.250.182.46","192.168.1.19","UDP","68","443  >  58785 Len=26"
"147","8.680757","172.253.118.188","192.168.1.19","TLSv1.2","389","Application Data"
"148","8.680757","172.253.118.188","192.168.1.19","TLSv1.2","389","Application Data"
"149","8.680930","192.168.1.19","172.253.118.188","TCP","54","58632  >  5228 [ACK] Seq=1 Ack=1341 Win=510 Len=0"
"150","8.758561","192.168.1.19","142.250.182.46","UDP","71","58785  >  443 Len=29"
"151","8.762480","142.250.182.46","192.168.1.19","UDP","68","443  >  58785 Len=26"
"152","8.948239","192.168.1.19","142.250.71.14","UDP","1287","53677  >  443 Len=1245"
"153","8.948477","192.168.1.19","142.250.71.14","UDP","298","53677  >  443 Len=256"
"154","8.953189","142.250.71.14","192.168.1.19","UDP","73","443  >  53677 Len=31"
"155","8.960380","192.168.1.19","142.250.71.14","UDP","75","53677  >  443 Len=33"
"156","8.976295","192.168.1.19","142.250.182.46","UDP","71","58785  >  443 Len=29"
"157","8.980195","142.250.182.46","192.168.1.19","UDP","68","443  >  58785 Len=26"
"158","9.113779","192.168.1.25","192.168.1.255","NBNS","92","Name query NB DESKTOP-9CQD17A<1c>"
"159","9.164893","192.168.1.19","142.250.71.14","UDP","71","53677  >  443 Len=29"
"160","9.168588","142.250.71.14","192.168.1.19","UDP","68","443  >  53677 Len=26"
"161","9.195616","192.168.1.19","142.250.182.46","UDP","71","58785  >  443 Len=29"
"162","9.200383","142.250.182.46","192.168.1.19","UDP","68","443  >  58785 Len=26"
"163","9.310096","142.250.71.14","192.168.1.19","UDP","1287","443  >  53677 Len=1245"
"164","9.310096","142.250.71.14","192.168.1.19","UDP","1292","443  >  53677 Len=1250"
"165","9.310096","142.250.71.14","192.168.1.19","UDP","1292","443  >  53677 Len=1250"
"166","9.310096","142.250.71.14","192.168.1.19","UDP","1292","443  >  53677 Len=1250"
"167","9.310357","142.250.71.14","192.168.1.19","UDP","331","443  >  53677 Len=289"
"168","9.310447","142.250.71.14","192.168.1.19","UDP","1292","443  >  53677 Len=1250"
"169","9.310447","142.250.71.14","192.168.1.19","UDP","394","443  >  53677 Len=352"
"170","9.310663","192.168.1.19","142.250.71.14","UDP","81","53677  >  443 Len=39"
"171","9.310809","192.168.1.19","142.250.71.14","UDP","76","53677  >  443 Len=34"
"172","9.310900","192.168.1.19","142.250.71.14","UDP","74","53677  >  443 Len=32"
"173","9.314570","142.250.71.14","192.168.1.19","UDP","68","443  >  53677 Len=26"
"174","9.414682","192.168.1.19","142.250.182.46","UDP","71","58785  >  443 Len=29"
"175","9.419370","142.250.182.46","192.168.1.19","UDP","68","443  >  58785 Len=26"
"176","9.633226","192.168.1.19","142.250.182.46","UDP","71","58785  >  443 Len=29"
"177","9.637461","142.250.182.46","192.168.1.19","UDP","68","443  >  58785 Len=26"
"178","9.730244","172.253.118.188","192.168.1.19","TLSv1.2","389","Application Data"
"179","9.772982","192.168.1.19","172.253.118.188","TCP","54","58632  >  5228 [ACK] Seq=1 Ack=1676 Win=509 Len=0"
"180","9.830692","192.168.1.25","192.168.1.255","NBNS","92","Name query NB DESKTOP-9CQD17A<1c>"
"181","9.994749","192.168.1.19","142.250.71.14","UDP","1287","53677  >  443 Len=1245"
"182","9.995029","192.168.1.19","142.250.71.14","UDP","342","53677  >  443 Len=300"
"183","9.998608","142.250.71.14","192.168.1.19","UDP","72","443  >  53677 Len=30"
"184","10.006044","192.168.1.19","142.250.71.14","UDP","75","53677  >  443 Len=33"
"185","10.052668","192.168.1.19","142.250.182.46","UDP","71","58785  >  443 Len=29"
"186","10.068049","142.250.182.46","192.168.1.19","UDP","68","443  >  58785 Len=26"
"187","10.209937","192.168.1.19","142.250.71.14","UDP","71","53677  >  443 Len=29"
"188","10.213661","142.250.71.14","192.168.1.19","UDP","68","443  >  53677 Len=26"
"189","10.345485","142.250.71.14","192.168.1.19","UDP","1287","443  >  53677 Len=1245"
"190","10.345485","142.250.71.14","192.168.1.19","UDP","109","443  >  53677 Len=67"
"191","10.350733","142.250.71.14","192.168.1.19","UDP","270","443  >  53677 Len=228"
"192","10.350915","192.168.1.19","142.250.71.14","UDP","80","53677  >  443 Len=38"
"193","10.354538","142.250.71.14","192.168.1.19","UDP","68","443  >  53677 Len=26"
"194","10.354832","192.168.1.19","142.250.71.14","UDP","74","53677  >  443 Len=32"
"195","10.547195","192.168.1.25","192.168.1.255","NBNS","92","Name query NB DESKTOP-9CQD17A<1c>"
"196","10.869931","192.168.1.19","142.250.182.46","UDP","71","58785  >  443 Len=29"
"197","10.874406","142.250.182.46","192.168.1.19","UDP","68","443  >  58785 Len=26"
"198","11.571535","192.168.1.25","192.168.1.255","NBNS","92","Name query NB DESKTOP-9CQD17A<1c>"
"200","11.606807","192.168.1.19","54.255.187.139","UDP","492","49886  >  1053 Len=1930"
"202","12.094442","192.168.1.19","54.179.212.40","UDP","492","49887  >  1053 Len=1930"
"203","12.126565","zte_b3:68:ac","Intel_12:62:ae","ARP","42","Who has 192.168.1.19? Tell 192.168.1.1"
"204","12.126600","Intel_12:62:ae","zte_b3:68:ac","ARP","42","192.168.1.19 is at 90:61:ae:12:62:ae"
"205","12.390461","192.168.1.25","192.168.1.255","NBNS","92","Name query NB DESKTOP-9CQD17A<1c>"
"206","12.483797","192.168.1.19","142.250.182.46","UDP","71","58785  >  443 Len=29"
"207","12.488081","142.250.182.46","192.168.1.19","UDP","68","443  >  58785 Len=26"
"208","12.672484","172.253.118.188","192.168.1.19","TLSv1.2","389","Application Data"
"209","12.716017","192.168.1.19","172.253.118.188","TCP","54","58632  >  5228 [ACK] Seq=1 Ack=2011 Win=507 Len=0"
"210","12.937937","192.168.1.19","142.250.71.14","UDP","1287","53677  >  443 Len=1245"
"211","12.938173","192.168.1.19","142.250.71.14","UDP","323","53677  >  443 Len=281"
"212","12.941770","142.250.71.14","192.168.1.19","UDP","73","443  >  53677 Len=31"
"213","12.949049","192.168.1.19","142.250.71.14","UDP","75","53677  >  443 Len=33"
"214","13.107189","192.168.1.25","192.168.1.255","NBNS","92","Name query NB DESKTOP-9CQD17A<1c>"
"215","13.153274","192.168.1.19","142.250.71.14","UDP","71","53677  >  443 Len=29"
"216","13.159605","142.250.71.14","192.168.1.19","UDP","68","443  >  53677 Len=26"
"217","13.264508","142.250.71.14","192.168.1.19","UDP","1287","443  >  53677 Len=1245"
"218","13.264508","142.250.71.14","192.168.1.19","UDP","99","443  >  53677 Len=57"
"219","13.266610","192.168.1.19","142.250.71.14","UDP","80","53677  >  443 Len=38"
"220","13.269703","142.250.71.14","192.168.1.19","UDP","84","443  >  53677 Len=42"
"221","13.269846","142.250.71.14","192.168.1.19","UDP","194","443  >  53677 Len=152"
"222","13.271216","192.168.1.19","142.250.71.14","UDP","75","53677  >  443 Len=33"
"223","13.926732","192.168.1.25","192.168.1.255","NBNS","92","Name query NB DESKTOP-9CQD17A<1c>"
"224","14.471959","157.240.23.53","192.168.1.19","TLSv1.2","153","Application Data"
"225","14.507374","192.168.1.19","157.240.23.53","TLSv1.2","140","Application Data"
"226","14.508915","157.240.23.53","192.168.1.19","TCP","56","443  >  49795 [ACK] Seq=259 Ack=228 Win=358 Len=0"
"227","14.643375","192.168.1.25","192.168.1.255","NBNS","92","Name query NB DESKTOP-9CQD17A<1c>"
"228","14.770607","192.168.1.19","172.64.151.4","TCP","55","58675  >  443 [ACK] Seq=1 Ack=1 Win=513 Len=1 [TCP PDU reassembled in 964]"
"229","14.774530","172.64.151.4","192.168.1.19","TCP","66","443  >  58675 [ACK] Seq=1 Ack=2 Win=11 Len=0 SLE=1 SRE=2"
"230","15.360310","192.168.1.25","192.168.1.255","NBNS","92","Name query NB DESKTOP-9CQD17A<1c>"
"231","15.692485","192.168.1.19","142.250.182.46","UDP","71","58785  >  443 Len=29"
"232","15.697252","142.250.182.46","192.168.1.19","UDP","68","443  >  58785 Len=26"
"233","16.179605","192.168.1.25","192.168.1.255","NBNS","92","Name query NB DESKTOP-9CQD17A<1c>"
"234","16.576633","192.168.1.19","142.250.71.14","UDP","1287","53677  >  443 Len=1245"
"235","16.576890","192.168.1.19","142.250.71.14","UDP","1059","53677  >  443 Len=1017"
"236","16.582254","142.250.71.14","192.168.1.19","UDP","73","443  >  53677 Len=31"
"237","16.595223","192.168.1.19","142.250.71.14","UDP","75","53677  >  443 Len=33"
"238","16.797217","192.168.1.19","142.250.71.14","UDP","71","53677  >  443 Len=29"
"239","16.801130","142.250.71.14","192.168.1.19","UDP","68","443  >  53677 Len=26"
"240","16.896331","192.168.1.25","192.168.1.255","NBNS","92","Name query NB DESKTOP-9CQD17A<1c>"
"241","16.958973","142.250.71.14","192.168.1.19","UDP","532","443  >  53677 Len=490"
"242","16.959341","142.250.71.14","192.168.1.19","UDP","178","443  >  53677 Len=136"
"243","16.961088","192.168.1.19","142.250.71.14","UDP","80","53677  >  443 Len=38"
"244","16.965693","142.250.71.14","192.168.1.19","UDP","68","443  >  53677 Len=26"
"246","17.087912","192.168.1.19","54.255.187.139","UDP","492","62581  >  1053 Len=1930"
"247","17.472715","192.168.1.19","20.249.168.121","TLSv1.2","111","Application Data"
"248","17.572777","20.249.168.121","192.168.1.19","TLSv1.2","100","Application Data"
"249","17.572917","192.168.1.19","54.169.7.73","TCP","1506","57613  >  80 [ACK] Seq=1941 Ack=285 Win=513 Len=1452"
"251","17.574114","192.168.1.19","54.255.193.226","TCP","66","59005  >  80 [SYN] Seq=0 Win=64240 Len=0 MSS=1460 WS=256 SACK_PERM"
"253","17.574718","192.168.1.19","54.179.212.40","DNS","492","Standard query 0x0a04[Malformed Packet]"
"254","17.575342","54.169.7.73","192.168.1.19","TCP","56","80  >  57613 [ACK] Seq=285 Ack=3881 Win=346 Len=0"
"256","17.575540","192.168.1.19","54.179.212.40","UDP","492","62583  >  1053 Len=1930"
"258","17.614262","54.179.212.40","192.168.1.19","DNS","118","Standard query 0x0a04[Malformed Packet]"
"259","17.614400","192.168.1.19","54.255.193.226","TCP","54","59005  >  80 [ACK] Seq=1 Ack=1 Win=132096 Len=0"
"261","17.614893","192.168.1.19","54.255.193.226","TCP","1506","59005  >  80 [ACK] Seq=284 Ack=1 Win=132096 Len=1452 [TCP PDU reassembled in 262]"
"262","17.614893","192.168.1.19","54.255.193.226","HTTP","652","POST /cloudquery.php HTTP/1.1 "
"264","17.615475","192.168.1.19","54.179.212.40","DNS","492","Standard query 0x0a04[Malformed Packet]"
"266","17.621233","54.255.193.226","192.168.1.19","TCP","54","80  >  59005 [ACK] Seq=1 Ack=284 Win=30720 Len=0"
"267","17.621233","54.255.193.226","192.168.1.19","TCP","54","80  >  59005 [ACK] Seq=1 Ack=2334 Win=34816 Len=0"
"268","17.621476","192.168.1.19","20.249.168.121","TCP","54","57617  >  443 [ACK] Seq=58 Ack=47 Win=514 Len=0"
"269","17.655363","54.179.212.40","192.168.1.19","DNS","118","Standard query 0x0a04[Malformed Packet]"
"271","17.656429","192.168.1.19","54.255.187.139","DNS","492","Standard query 0x0a04[Malformed Packet]"
"272","17.658789","54.255.193.226","192.168.1.19","HTTP","638","HTTP/1.1 200 OK "
"274","17.667456","192.168.1.19","54.169.7.73","TCP","54","57613  >  80 [ACK] Seq=3881 Ack=569 Win=512 Len=0"
"275","17.693285","54.255.193.226","192.168.1.19","TCP","54","80  >  59005 [ACK] Seq=585 Ack=2335 Win=34816 Len=0"
"276","17.693669","54.255.187.139","192.168.1.19","DNS","118","Standard query 0x0a04[Malformed Packet]"
"278","17.694612","192.168.1.19","54.255.187.139","DNS","492","Standard query 0x0a04[Malformed Packet]"
"280","17.697484","192.168.1.19","54.255.193.226","TCP","54","59005  >  80 [ACK] Seq=2335 Ack=586 Win=131328 Len=0"
"281","17.719445","192.168.1.25","192.168.1.255","NBNS","92","Name query NB DESKTOP-9CQD17A<1c>"
"282","17.726166","172.253.118.188","192.168.1.19","TLSv1.2","389","Application Data"
"283","17.731256","54.255.187.139","192.168.1.19","DNS","118","Standard query 0x0a04[Malformed Packet]"
"284","17.765800","157.240.23.53","192.168.1.19","TLSv1.2","142","Application Data"
"285","17.775467","192.168.1.19","172.253.118.188","TCP","54","58632  >  5228 [ACK] Seq=1 Ack=2346 Win=512 Len=0"
"286","17.775935","192.168.1.19","4.186.13.244","TLSv1.2","104","Application Data"
"287","17.778081","192.168.1.19","157.240.23.53","TLSv1.2","126","Application Data"
"288","17.780191","157.240.23.53","192.168.1.19","TCP","56","443  >  49795 [ACK] Seq=347 Ack=300 Win=358 Len=0"
"289","17.781427","192.168.1.19","202.88.152.8","DNS","75","Standard query 0x14b4 A ssl.gstatic.com"
"290","17.781791","192.168.1.19","202.88.152.8","DNS","75","Standard query 0x8730 HTTPS ssl.gstatic.com"
"291","17.783235","202.88.152.8","192.168.1.19","DNS","202","Standard query response 0x14b4 A ssl.gstatic.com A 142.250.196.35 NS ns1.google.com NS ns3.google.com NS ns4.google.com NS ns2.google.com A 216.239.32.10 A 216.239.36.10"
"292","17.785670","202.88.152.8","192.168.1.19","DNS","132","Standard query response 0x8730 HTTPS ssl.gstatic.com SOA ns1.google.com"
"298","17.792530","4.186.13.244","192.168.1.19","TLSv1.2","93","Application Data"
"302","17.836713","192.168.1.19","4.186.13.244","TCP","54","49793  >  443 [ACK] Seq=51 Ack=40 Win=513 Len=0"
"305","17.836942","142.250.196.35","192.168.1.19","QUIC","346","Protected Payload (KP0)"
"306","17.836942","142.250.196.35","192.168.1.19","QUIC","986","Protected Payload (KP0)"
"307","17.836942","142.250.196.35","192.168.1.19","QUIC","67","Protected Payload (KP0)"
"308","17.836942","142.250.196.35","192.168.1.19","QUIC","64","Protected Payload (KP0)"
"312","17.852380","142.250.196.35","192.168.1.19","QUIC","162","Protected Payload (KP0)"
"314","17.863334","142.250.196.35","192.168.1.19","QUIC","570","Protected Payload (KP0)"
"316","17.883470","142.250.196.35","192.168.1.19","QUIC","67","Protected Payload (KP0)"
"317","17.979534","192.168.1.19","142.250.71.14","UDP","1287","53677  >  443 Len=1245"
"318","17.979645","192.168.1.19","142.250.71.14","UDP","316","53677  >  443 Len=274"
"319","17.984920","142.250.71.14","192.168.1.19","UDP","73","443  >  53677 Len=31"
"320","17.986205","142.250.71.14","192.168.1.19","UDP","68","443  >  53677 Len=26"
"321","17.986468","192.168.1.19","142.250.71.14","UDP","74","53677  >  443 Len=32"
"322","18.195488","192.168.1.19","142.250.71.14","UDP","71","53677  >  443 Len=29"
"323","18.198399","142.250.71.14","192.168.1.19","UDP","68","443  >  53677 Len=26"
"324","18.338424","192.168.1.19","157.240.23.53","TLSv1.2","123","Application Data"
"325","18.340402","157.240.23.53","192.168.1.19","TCP","56","443  >  49795 [ACK] Seq=347 Ack=369 Win=358 Len=0"
"326","18.365880","142.250.71.14","192.168.1.19","UDP","300","443  >  53677 Len=258"
"327","18.366052","142.250.71.14","192.168.1.19","UDP","1287","443  >  53677 Len=1245"
"328","18.366052","142.250.71.14","192.168.1.19","UDP","1292","443  >  53677 Len=1250"
"329","18.366052","142.250.71.14","192.168.1.19","UDP","1292","443  >  53677 Len=1250"
"330","18.366052","142.250.71.14","192.168.1.19","UDP","1292","443  >  53677 Len=1250"
"331","18.366052","142.250.71.14","192.168.1.19","UDP","1292","443  >  53677 Len=1250"
"332","18.366052","142.250.71.14","192.168.1.19","UDP","400","443  >  53677 Len=358"
"333","18.366488","192.168.1.19","142.250.71.14","UDP","76","53677  >  443 Len=34"
"334","18.367070","192.168.1.19","142.250.71.14","UDP","82","53677  >  443 Len=40"
"335","18.367279","192.168.1.19","142.250.71.14","UDP","77","53677  >  443 Len=35"
"336","18.367512","192.168.1.19","142.250.71.14","UDP","77","53677  >  443 Len=35"
"337","18.367705","192.168.1.19","142.250.71.14","UDP","77","53677  >  443 Len=35"
"338","18.367947","192.168.1.19","142.250.71.14","UDP","77","53677  >  443 Len=35"
"339","18.368209","192.168.1.19","142.250.71.14","UDP","75","53677  >  443 Len=33"
"340","18.370053","142.250.71.14","192.168.1.19","UDP","1292","443  >  53677 Len=1250"
"341","18.370053","142.250.71.14","192.168.1.19","UDP","1292","443  >  53677 Len=1250"
"342","18.370053","142.250.71.14","192.168.1.19","UDP","1292","443  >  53677 Len=1250"
"343","18.370053","142.250.71.14","192.168.1.19","UDP","1292","443  >  53677 Len=1250"
"344","18.370053","142.250.71.14","192.168.1.19","UDP","1292","443  >  53677 Len=1250"
"345","18.370053","142.250.71.14","192.168.1.19","UDP","395","443  >  53677 Len=353"
"346","18.370443","142.250.71.14","192.168.1.19","UDP","67","443  >  53677 Len=25"
"347","18.382597","192.168.1.19","142.250.71.14","UDP","75","53677  >  443 Len=33"
"348","18.542479","157.240.23.53","192.168.1.19","TLSv1.2","125","Application Data"
"349","18.583913","192.168.1.19","157.240.23.53","TCP","54","49795  >  443 [ACK] Seq=369 Ack=418 Win=512 Len=0"
"350","18.720390","172.253.118.188","192.168.1.19","TLSv1.2","389","Application Data"
"351","18.721443","192.168.1.19","172.253.118.188","TLSv1.2","90","Application Data"
"352","18.762017","172.253.118.188","192.168.1.19","TCP","54","5228  >  58632 [ACK] Seq=2681 Ack=37 Win=1046 Len=0"
"353","18.976240","192.168.1.19","142.250.71.14","UDP","1287","53677  >  443 Len=1245"
"354","18.976413","192.168.1.19","142.250.71.14","UDP","322","53677  >  443 Len=280"
"355","18.979757","142.250.71.14","192.168.1.19","UDP","73","443  >  53677 Len=31"
"356","18.989847","192.168.1.19","142.250.71.14","UDP","75","53677  >  443 Len=33"
"357","19.181161","192.168.1.19","142.250.71.14","UDP","71","53677  >  443 Len=29"
"358","19.186709","142.250.71.14","192.168.1.19","UDP","68","443  >  53677 Len=26"
"359","19.327989","142.250.71.14","192.168.1.19","UDP","1287","443  >  53677 Len=1245"
"360","19.327989","142.250.71.14","192.168.1.19","UDP","1292","443  >  53677 Len=1250"
"361","19.327989","142.250.71.14","192.168.1.19","UDP","1292","443  >  53677 Len=1250"
"362","19.327989","142.250.71.14","192.168.1.19","UDP","1292","443  >  53677 Len=1250"
"363","19.327989","142.250.71.14","192.168.1.19","UDP","543","443  >  53677 Len=501"
"364","19.327989","142.250.71.14","192.168.1.19","UDP","78","443  >  53677 Len=36"
"365","19.330066","192.168.1.19","142.250.71.14","UDP","80","53677  >  443 Len=38"
"366","19.337252","142.250.71.14","192.168.1.19","UDP","68","443  >  53677 Len=26"
"367","19.340590","142.250.71.14","192.168.1.19","UDP","200","443  >  53677 Len=158"
"368","19.347321","192.168.1.19","142.250.71.14","UDP","75","53677  >  443 Len=33"
"369","21.081748","192.168.1.19","54.212.198.181","TCP","55","58712  >  443 [ACK] Seq=1 Ack=1 Win=513 Len=1"
"370","21.326985","54.212.198.181","192.168.1.19","TCP","66","443  >  58712 [ACK] Seq=1 Ack=2 Win=268 Len=0 SLE=1 SRE=2"
"372","22.082357","192.168.1.19","54.255.187.139","UDP","492","59841  >  1053 Len=1930"
"373","22.111972","192.168.1.19","142.250.182.46","UDP","71","58785  >  443 Len=29"
"374","22.116158","142.250.182.46","192.168.1.19","UDP","68","443  >  58785 Len=26"
"376","22.581015","192.168.1.19","54.179.212.40","UDP","492","59842  >  1053 Len=1930"
"377","22.832280","172.253.118.188","192.168.1.19","TLSv1.2","391","Application Data"
"378","22.877263","192.168.1.19","172.253.118.188","TCP","54","58632  >  5228 [ACK] Seq=37 Ack=3018 Win=510 Len=0"
"379","23.099861","192.168.1.19","142.250.71.14","UDP","1287","53677  >  443 Len=1245"
"380","23.100173","192.168.1.19","142.250.71.14","UDP","262","53677  >  443 Len=220"
"381","23.111106","142.250.71.14","192.168.1.19","UDP","72","443  >  53677 Len=30"
"382","23.125596","192.168.1.19","142.250.71.14","UDP","75","53677  >  443 Len=33"
"383","23.312804","192.168.1.19","142.250.71.14","UDP","71","53677  >  443 Len=29"
"384","23.317417","142.250.71.14","192.168.1.19","UDP","68","443  >  53677 Len=26"
"385","23.427093","142.250.71.14","192.168.1.19","UDP","1245","443  >  53677 Len=1203"
"386","23.428739","192.168.1.19","142.250.71.14","UDP","80","53677  >  443 Len=38"
"387","23.429057","142.250.71.14","192.168.1.19","UDP","94","443  >  53677 Len=52"
"388","23.432883","142.250.71.14","192.168.1.19","UDP","68","443  >  53677 Len=26"
"393","23.434486","192.168.1.19","142.250.71.14","UDP","75","53677  >  443 Len=33"
"403","23.475111","142.250.195.163","192.168.1.19","QUIC","342","Protected Payload (KP0)"
"404","23.475111","142.250.195.163","192.168.1.19","QUIC","992","Protected Payload (KP0)"
"405","23.475111","142.250.195.163","192.168.1.19","QUIC","69","Protected Payload (KP0)"
"406","23.475111","142.250.195.163","192.168.1.19","QUIC","66","Protected Payload (KP0)"
"411","23.485140","142.250.195.163","192.168.1.19","QUIC","162","Protected Payload (KP0)"
"412","23.485140","142.250.195.163","192.168.1.19","QUIC","71","Protected Payload (KP0)"
"415","23.514449","142.250.195.163","192.168.1.19","QUIC","636","Protected Payload (KP0)"
"416","23.514449","142.250.195.163","192.168.1.19","QUIC","63","Protected Payload (KP0)"
"419","23.515807","192.168.1.19","202.88.152.8","DNS","78","Standard query 0xa1f6 A e2c11.gcp.gvt2.com"
"420","23.516015","192.168.1.19","202.88.152.8","DNS","78","Standard query 0x7c61 HTTPS e2c11.gcp.gvt2.com"
"421","23.518385","202.88.152.8","192.168.1.19","DNS","205","Standard query response 0xa1f6 A e2c11.gcp.gvt2.com A 34.129.38.245 NS ns2.google.com NS ns4.google.com NS ns3.google.com NS ns1.google.com A 216.239.32.10 A 216.239.36.10"
"422","23.518385","202.88.152.8","192.168.1.19","DNS","135","Standard query response 0x7c61 HTTPS e2c11.gcp.gvt2.com SOA ns1.google.com"
"423","23.519748","192.168.1.19","34.129.38.245","TCP","66","59006  >  443 [SYN] Seq=0 Win=64240 Len=0 MSS=1460 WS=256 SACK_PERM"
"424","23.543186","142.250.195.163","192.168.1.19","QUIC","66","Protected Payload (KP0)"
"426","23.639557","192.168.1.19","34.129.38.245","TCP","54","59006  >  443 [ACK] Seq=1 Ack=1 Win=132096 Len=0"
"427","23.641266","192.168.1.19","34.129.38.245","TCP","1506","59006  >  443 [ACK] Seq=1 Ack=1 Win=132096 Len=1452 [TCP PDU reassembled in 428]"
"428","23.641266","192.168.1.19","34.129.38.245","TLSv1.3","362","Client Hello (SNI=e2c11.gcp.gvt2.com)"
"429","23.654958","0.0.0.0","255.255.255.255","DHCP","350","DHCP Discover - Transaction ID 0x2ec0bbc5"
"430","23.765175","zte_b3:68:ac","Broadcast","ARP","60","Who has 192.168.1.15? Tell 192.168.1.1"
"431","23.765175","34.129.38.245","192.168.1.19","TCP","54","443  >  59006 [ACK] Seq=1 Ack=1761 Win=67456 Len=0"
"434","23.765175","34.129.38.245","192.168.1.19","TCP","118","443  >  59006 [ACK] Seq=2841 Ack=1761 Win=67456 Len=64 [TCP PDU reassembled in 435]"
"435","23.765175","34.129.38.245","192.168.1.19","TLSv1.3","1474","Application Data"
"437","23.765314","192.168.1.19","34.129.38.245","TCP","54","59006  >  443 [ACK] Seq=1761 Ack=4730 Win=132096 Len=0"
"439","23.768516","192.168.1.19","34.129.38.245","TLSv1.3","146","Application Data"
"440","23.768761","192.168.1.19","34.129.38.245","TLSv1.3","276","Application Data"
"441","23.768858","192.168.1.19","34.129.38.245","TLSv1.3","354","Application Data"
"442","23.855209","104.18.36.252","192.168.1.19","TLSv1.2","78","Application Data"
"443","23.855822","192.168.1.19","104.18.36.252","TLSv1.2","82","Application Data"
"444","23.859984","104.18.36.252","192.168.1.19","TCP","54","443  >  58711 [ACK] Seq=49 Ack=57 Win=10 Len=0"
"445","23.887970","34.129.38.245","192.168.1.19","TCP","54","443  >  59006 [ACK] Seq=4730 Ack=2139 Win=67456 Len=0"
"446","23.890055","34.129.38.245","192.168.1.19","TLSv1.3","109","Application Data"
"447","23.890055","34.129.38.245","192.168.1.19","TLSv1.3","98","Application Data"
"448","23.890055","34.129.38.245","192.168.1.19","TLSv1.3","126","Application Data"
"449","23.890185","192.168.1.19","34.129.38.245","TCP","54","59006  >  443 [ACK] Seq=2439 Ack=4901 Win=131840 Len=0"
"450","23.890986","192.168.1.19","34.129.38.245","TLSv1.3","85","Application Data"
"451","23.891132","192.168.1.19","34.129.38.245","TLSv1.3","89","Application Data"
"452","24.009820","34.129.38.245","192.168.1.19","TCP","54","443  >  59006 [ACK] Seq=4901 Ack=2505 Win=68224 Len=0"
"453","24.578280","0.0.0.0","255.255.255.255","DHCP","350","DHCP Discover - Transaction ID 0x2ec0bbc5"
"454","24.780900","fe80::1","ff02::1","ICMPv6","102","Router Advertisement from b8:dd:71:b3:68:ac"
"456","25.702824","0.0.0.0","255.255.255.255","DHCP","360","DHCP Request  - Transaction ID 0x2ec0bbc5"
"457","25.802076","54.169.5.36","192.168.1.19","TCP","54","[TCP Dup ACK 102#1] 80  >  57614 [ACK] Seq=1 Ack=1 Win=60 Len=0"
"458","25.802235","192.168.1.19","54.169.5.36","TCP","54","[TCP Dup ACK 103#1] 57614  >  80 [ACK] Seq=1 Ack=2 Win=514 Len=0"
"459","26.123549","192.168.1.19","4.213.25.242","TLSv1.2","97","Application Data"
"460","26.140785","4.213.25.242","192.168.1.19","TLSv1.2","228","Application Data"
"461","26.185326","192.168.1.19","4.213.25.242","TCP","54","57619  >  443 [ACK] Seq=44 Ack=175 Win=514 Len=0"
"462","26.522028","192.168.1.25","192.168.1.255","NBNS","92","Name query NB DESKTOP-9CQD17A<1c>"
"463","26.829178","XiaomiCommun_45:cc:c5","Broadcast","ARP","42","Who has 192.168.1.1? Tell 192.168.1.15"
"464","27.316423","142.250.182.46","192.168.1.19","UDP","78","443  >  58785 Len=36"
"465","27.317893","192.168.1.19","142.250.182.46","UDP","75","58785  >  443 Len=33"
"466","27.341203","192.168.1.25","192.168.1.255","NBNS","92","Name query NB DESKTOP-9CQD17A<1c>"
"467","27.526904","192.168.1.19","142.250.182.46","UDP","71","58785  >  443 Len=29"
"468","27.531583","142.250.182.46","192.168.1.19","UDP","68","443  >  58785 Len=26"
"470","27.591014","192.168.1.19","54.255.187.139","UDP","492","65290  >  1053 Len=1930"
"471","27.695799","4.224.95.102","192.168.1.19","TLSv1.2","1176","Application Data"
"472","27.745866","192.168.1.19","4.224.95.102","TCP","54","57616  >  443 [ACK] Seq=1 Ack=1123 Win=515 Len=0"
"473","27.746046","192.168.1.19","142.250.182.46","UDP","71","58785  >  443 Len=29"
"474","27.750521","142.250.182.46","192.168.1.19","UDP","68","443  >  58785 Len=26"
"475","27.811855","192.168.1.19","4.224.95.102","TLSv1.2","306","Application Data"
"476","27.870268","4.224.95.102","192.168.1.19","TCP","54","443  >  57616 [ACK] Seq=1123 Ack=253 Win=16384 Len=0"
"477","27.963528","192.168.1.19","142.250.182.46","UDP","71","58785  >  443 Len=29"
"478","27.967321","142.250.182.46","192.168.1.19","UDP","68","443  >  58785 Len=26"
"479","28.058423","192.168.1.25","192.168.1.255","NBNS","92","Name query NB DESKTOP-9CQD17A<1c>"
"480","28.181191","192.168.1.19","142.250.182.46","UDP","71","58785  >  443 Len=29"
"481","28.185024","142.250.182.46","192.168.1.19","UDP","68","443  >  58785 Len=26"
"483","28.186639","192.168.1.19","54.179.212.40","UDP","492","65291  >  1053 Len=1930"
"485","28.187102","192.168.1.19","54.179.212.40","DNS","492","Standard query 0x0a04[Malformed Packet]"
"486","28.187921","192.168.1.19","54.255.193.226","TCP","66","59007  >  80 [SYN] Seq=0 Win=64240 Len=0 MSS=1460 WS=256 SACK_PERM"
"487","28.188330","192.168.1.19","54.169.7.73","TCP","1506","57613  >  80 [ACK] Seq=3881 Ack=569 Win=512 Len=1452"
"489","28.191021","54.169.7.73","192.168.1.19","TCP","56","80  >  57613 [ACK] Seq=569 Ack=5821 Win=356 Len=0"
"491","28.228037","192.168.1.19","54.255.193.226","TCP","54","59007  >  80 [ACK] Seq=1 Ack=1 Win=132096 Len=0"
"493","28.228344","54.179.212.40","192.168.1.19","DNS","118","Standard query 0x0a04[Malformed Packet]"
"494","28.228455","192.168.1.19","54.255.193.226","TCP","1506","59007  >  80 [ACK] Seq=284 Ack=1 Win=132096 Len=1452 [TCP PDU reassembled in 495]"
"495","28.228455","192.168.1.19","54.255.193.226","HTTP","660","POST /cloudquery.php HTTP/1.1 "
"497","28.229121","192.168.1.19","54.179.212.40","DNS","492","Standard query 0x0a04[Malformed Packet]"
"498","28.230950","54.255.193.226","192.168.1.19","TCP","54","80  >  59007 [ACK] Seq=1 Ack=284 Win=30720 Len=0"
"499","28.231777","54.255.193.226","192.168.1.19","TCP","54","80  >  59007 [ACK] Seq=1 Ack=1736 Win=33280 Len=0"
"500","28.232638","54.255.193.226","192.168.1.19","TCP","54","80  >  59007 [ACK] Seq=1 Ack=2342 Win=36352 Len=0"
"502","28.269246","54.179.212.40","192.168.1.19","DNS","118","Standard query 0x0a04[Malformed Packet]"
"504","28.270970","192.168.1.19","54.255.187.139","DNS","492","Standard query 0x0a04[Malformed Packet]"
"505","28.273771","192.168.1.19","54.169.7.73","TCP","54","57613  >  80 [ACK] Seq=5821 Ack=853 Win=511 Len=0"
"506","28.274424","54.255.193.226","192.168.1.19","HTTP","638","HTTP/1.1 200 OK "
"508","28.308959","54.255.187.139","192.168.1.19","DNS","118","Standard query 0x0a04[Malformed Packet]"
"510","28.309866","192.168.1.19","54.255.187.139","DNS","492","Standard query 0x0a04[Malformed Packet]"
"511","28.314393","54.255.193.226","192.168.1.19","TCP","54","80  >  59007 [ACK] Seq=585 Ack=2343 Win=36352 Len=0"
"513","28.314493","192.168.1.19","54.255.193.226","TCP","54","59007  >  80 [ACK] Seq=2343 Ack=586 Win=131328 Len=0"
"514","28.348338","54.255.187.139","192.168.1.19","DNS","118","Standard query 0x0a04[Malformed Packet]"
"515","28.400583","192.168.1.19","142.250.182.46","UDP","71","58785  >  443 Len=29"
"516","28.405199","142.250.182.46","192.168.1.19","UDP","68","443  >  58785 Len=26"
"517","28.618034","192.168.1.19","142.250.182.46","UDP","71","58785  >  443 Len=29"
"518","28.622248","142.250.182.46","192.168.1.19","UDP","68","443  >  58785 Len=26"
"519","28.890710","34.129.38.245","192.168.1.19","TLSv1.3","93","Application Data"
"523","29.010933","192.168.1.19","34.129.38.245","TCP","54","[TCP Dup ACK 520#1] 59006  >  443 [ACK] Seq=2506 Ack=4940 Win=131840 Len=0"
"525","29.024083","192.168.1.19","142.250.182.46","UDP","71","58785  >  443 Len=29"
"526","29.028485","142.250.182.46","192.168.1.19","UDP","68","443  >  58785 Len=26"
"527","29.131846","34.129.38.245","192.168.1.19","TCP","54","443  >  59006 [RST] Seq=4940 Win=0 Len=0"
"528","29.837199","192.168.1.19","142.250.182.46","UDP","71","58785  >  443 Len=29"
"529","29.842437","142.250.182.46","192.168.1.19","UDP","68","443  >  58785 Len=26"
"530","31.457831","192.168.1.19","142.250.182.46","UDP","71","58785  >  443 Len=29"
"531","31.463360","142.250.182.46","192.168.1.19","UDP","68","443  >  58785 Len=26"
"532","32.322190","192.168.1.19","202.88.152.8","DNS","71","Standard query 0x2b07 A b1.nel.goog"
"533","32.322574","192.168.1.19","202.88.152.8","DNS","71","Standard query 0xcba8 HTTPS b1.nel.goog"
"534","32.323252","192.168.1.19","202.88.152.8","DNS","71","Standard query 0xa6b0 A b1.nel.goog"
"535","32.323542","192.168.1.19","202.88.152.8","DNS","71","Standard query 0xd919 HTTPS b1.nel.goog"
"536","32.324564","202.88.152.8","192.168.1.19","DNS","131","Standard query response 0xcba8 HTTPS b1.nel.goog SOA ns1.google.com"
"537","32.324564","202.88.152.8","192.168.1.19","DNS","201","Standard query response 0x2b07 A b1.nel.goog A 142.250.182.131 NS ns4.google.com NS ns3.google.com NS ns1.google.com NS ns2.google.com A 216.239.32.10 A 216.239.36.10"
"538","32.325508","202.88.152.8","192.168.1.19","DNS","131","Standard query response 0xd919 HTTPS b1.nel.goog SOA ns1.google.com"
"539","32.325508","202.88.152.8","192.168.1.19","DNS","201","Standard query response 0xa6b0 A b1.nel.goog A 142.250.182.131 NS ns4.google.com NS ns3.google.com NS ns1.google.com NS ns2.google.com A 216.239.32.10 A 216.239.36.10"
"561","32.362691","142.250.182.131","192.168.1.19","QUIC","344","Protected Payload (KP0)"
"562","32.362815","142.250.182.131","192.168.1.19","QUIC","978","Protected Payload (KP0)"
"563","32.362815","142.250.182.131","192.168.1.19","QUIC","67","Protected Payload (KP0)"
"564","32.362944","142.250.182.131","192.168.1.19","QUIC","64","Protected Payload (KP0)"
"569","32.364479","142.250.182.131","192.168.1.19","QUIC","341","Protected Payload (KP0)"
"570","32.364904","142.250.182.131","192.168.1.19","QUIC","978","Protected Payload (KP0)"
"571","32.364904","142.250.182.131","192.168.1.19","QUIC","67","Protected Payload (KP0)"
"572","32.364999","142.250.182.131","192.168.1.19","QUIC","64","Protected Payload (KP0)"
"575","32.365986","142.250.182.131","192.168.1.19","QUIC","162","Protected Payload (KP0)"
"578","32.371122","142.250.182.131","192.168.1.19","QUIC","162","Protected Payload (KP0)"
"580","32.464060","142.250.182.131","192.168.1.19","QUIC","1288","Protected Payload (KP0)"
"581","32.464060","142.250.182.131","192.168.1.19","QUIC","771","Protected Payload (KP0)"
"583","32.464614","142.250.182.131","192.168.1.19","QUIC","1288","Protected Payload (KP0)"
"584","32.464614","142.250.182.131","192.168.1.19","QUIC","770","Protected Payload (KP0)"
"588","32.465983","192.168.1.19","202.88.152.8","DNS","76","Standard query 0xeac6 A beacons.gvt2.com"
"589","32.466236","192.168.1.19","202.88.152.8","DNS","76","Standard query 0x5129 HTTPS beacons.gvt2.com"
"591","32.466965","142.250.182.131","192.168.1.19","QUIC","67","Protected Payload (KP0)"
"592","32.466965","142.250.182.131","192.168.1.19","QUIC","67","Protected Payload (KP0)"
"593","32.467842","142.250.182.131","192.168.1.19","QUIC","67","Protected Payload (KP0)"
"594","32.468614","202.88.152.8","192.168.1.19","DNS","156","Standard query response 0x5129 HTTPS beacons.gvt2.com CNAME beacons6.gvt2.com SOA ns1.google.com"
"595","32.468614","202.88.152.8","192.168.1.19","DNS","203","Standard query response 0xeac6 A beacons.gvt2.com A 142.250.196.163 NS ns4.google.com NS ns1.google.com NS ns2.google.com NS ns3.google.com A 216.239.32.10 A 216.239.36.10"
"602","32.494126","142.250.182.131","192.168.1.19","QUIC","68","Protected Payload (KP0)"
"605","32.510899","142.250.196.163","192.168.1.19","QUIC","344","Protected Payload (KP0)"
"606","32.511029","142.250.196.163","192.168.1.19","QUIC","988","Protected Payload (KP0)"
"607","32.511029","142.250.196.163","192.168.1.19","QUIC","67","Protected Payload (KP0)"
"611","32.513647","142.250.196.163","192.168.1.19","QUIC","162","Protected Payload (KP0)"
"612","32.515014","142.250.196.163","192.168.1.19","QUIC","71","Protected Payload (KP0)"
"614","32.549213","142.250.196.163","192.168.1.19","QUIC","636","Protected Payload (KP0)"
"615","32.549470","142.250.196.163","192.168.1.19","QUIC","63","Protected Payload (KP0)"
"617","32.550346","192.168.1.19","202.88.152.8","DNS","78","Standard query 0xf8a8 A e2c71.gcp.gvt2.com"
"618","32.550583","192.168.1.19","202.88.152.8","DNS","78","Standard query 0xa5c8 HTTPS e2c71.gcp.gvt2.com"
"619","32.552520","202.88.152.8","192.168.1.19","DNS","205","Standard query response 0xf8a8 A e2c71.gcp.gvt2.com A 34.175.83.78 NS ns4.google.com NS ns2.google.com NS ns1.google.com NS ns3.google.com A 216.239.32.10 A 216.239.36.10"
"620","32.571194","192.168.1.19","34.175.83.78","TCP","66","59008  >  443 [SYN] Seq=0 Win=64240 Len=0 MSS=1460 WS=256 SACK_PERM"
"621","32.577330","142.250.196.163","192.168.1.19","QUIC","66","Protected Payload (KP0)"
"622","32.586048","202.88.152.8","192.168.1.19","DNS","135","Standard query response 0xa5c8 HTTPS e2c71.gcp.gvt2.com SOA ns1.google.com"
"624","32.601287","192.168.1.19","54.255.187.139","UDP","492","51368  >  1053 Len=1930"
"626","32.722804","192.168.1.19","34.175.83.78","TCP","54","59008  >  443 [ACK] Seq=1 Ack=1 Win=132096 Len=0"
"627","32.723294","192.168.1.19","34.175.83.78","TCP","1506","59008  >  443 [ACK] Seq=1 Ack=1 Win=132096 Len=1452 [TCP PDU reassembled in 628]"
"628","32.723294","192.168.1.19","34.175.83.78","TLSv1.3","330","Client Hello (SNI=e2c71.gcp.gvt2.com)"
"629","32.875572","34.175.83.78","192.168.1.19","TCP","54","443  >  59008 [ACK] Seq=1 Ack=1729 Win=62592 Len=0"
"632","32.878216","34.175.83.78","192.168.1.19","TCP","118","443  >  59008 [ACK] Seq=2841 Ack=1729 Win=62592 Len=64 [TCP PDU reassembled in 633]"
"633","32.878216","34.175.83.78","192.168.1.19","TLSv1.3","1474","Application Data"
"635","32.878339","192.168.1.19","34.175.83.78","TCP","54","59008  >  443 [ACK] Seq=1729 Ack=4730 Win=132096 Len=0"
"637","32.880973","192.168.1.19","34.175.83.78","TLSv1.3","146","Application Data"
"638","32.881124","192.168.1.19","34.175.83.78","TLSv1.3","276","Application Data"
"639","32.881177","192.168.1.19","34.175.83.78","TLSv1.3","354","Application Data"
"640","33.031642","34.175.83.78","192.168.1.19","TCP","54","443  >  59008 [ACK] Seq=4730 Ack=1885 Win=62464 Len=0"
"641","33.031642","34.175.83.78","192.168.1.19","TLSv1.3","109","Application Data"
"642","33.031642","34.175.83.78","192.168.1.19","TLSv1.3","98","Application Data"
"643","33.031746","192.168.1.19","34.175.83.78","TCP","54","59008  >  443 [ACK] Seq=2407 Ack=4829 Win=131840 Len=0"
"644","33.031898","192.168.1.19","34.175.83.78","TLSv1.3","85","Application Data"
"645","33.032421","34.175.83.78","192.168.1.19","TCP","54","443  >  59008 [ACK] Seq=4829 Ack=2407 Win=61952 Len=0"
"646","33.032421","34.175.83.78","192.168.1.19","TLSv1.3","126","Application Data"
"647","33.032807","192.168.1.19","34.175.83.78","TLSv1.3","89","Application Data"
"648","33.195725","34.175.83.78","192.168.1.19","TCP","54","443  >  59008 [ACK] Seq=4901 Ack=2473 Win=61952 Len=0"
"650","33.202773","192.168.1.19","54.179.212.40","UDP","492","51369  >  1053 Len=1930"
"651","34.666482","192.168.1.19","142.250.182.46","UDP","71","58785  >  443 Len=29"
"652","34.670447","142.250.182.46","192.168.1.19","UDP","68","443  >  58785 Len=26"
"653","35.942940","192.168.1.25","192.168.1.255","NBNS","92","Name query NB DESKTOP-9CQD17A<1c>"
"654","36.456812","192.168.1.4","192.168.1.255","SMB Mailslot","248","Write Mail Slot"
"655","36.659295","192.168.1.25","192.168.1.255","NBNS","92","Name query NB DESKTOP-9CQD17A<1c>"
"656","37.160319","142.250.182.46","192.168.1.19","UDP","78","443  >  58785 Len=36"
"657","37.165701","192.168.1.19","142.250.182.46","UDP","75","58785  >  443 Len=33"
"658","37.371725","192.168.1.19","142.250.182.46","UDP","71","58785  >  443 Len=29"
"659","37.375808","192.168.1.25","192.168.1.255","NBNS","92","Name query NB DESKTOP-9CQD17A<1c>"
"660","37.375808","142.250.182.46","192.168.1.19","UDP","68","443  >  58785 Len=26"
"661","37.588604","192.168.1.19","142.250.182.46","UDP","71","58785  >  443 Len=29"
"662","37.592346","142.250.182.46","192.168.1.19","UDP","68","443  >  58785 Len=26"
"663","37.808430","192.168.1.19","142.250.182.46","UDP","71","58785  >  443 Len=29"
"664","37.813116","142.250.182.46","192.168.1.19","UDP","68","443  >  58785 Len=26"
"665","38.025093","192.168.1.19","142.250.182.46","UDP","71","58785  >  443 Len=29"
"666","38.029431","142.250.182.46","192.168.1.19","UDP","68","443  >  58785 Len=26"
"667","38.033086","34.175.83.78","192.168.1.19","TLSv1.3","93","Application Data"
"669","38.060180","157.240.23.53","192.168.1.19","TLSv1.2","142","Application Data"
"670","38.065588","192.168.1.19","157.240.23.53","TLSv1.2","126","Application Data"
"671","38.067577","157.240.23.53","192.168.1.19","TCP","56","443  >  49795 [ACK] Seq=506 Ack=441 Win=358 Len=0"
"674","38.185447","192.168.1.19","34.175.83.78","TCP","54","[TCP Dup ACK 668#1] 59008  >  443 [ACK] Seq=2474 Ack=4940 Win=131840 Len=0"
"677","38.199973","192.168.1.19","54.255.187.139","UDP","492","51370  >  1053 Len=1930"
"678","38.244731","192.168.1.19","142.250.182.46","UDP","71","58785  >  443 Len=29"
"679","38.248650","142.250.182.46","192.168.1.19","UDP","68","443  >  58785 Len=26"
"680","38.336988","34.175.83.78","192.168.1.19","TCP","54","443  >  59008 [RST] Seq=4940 Win=0 Len=0"
"681","38.400361","192.168.1.25","192.168.1.255","NBNS","92","Name query NB DESKTOP-9CQD17A<1c>"
"682","38.463286","192.168.1.19","142.250.182.46","UDP","71","58785  >  443 Len=29"
"683","38.467526","142.250.182.46","192.168.1.19","UDP","68","443  >  58785 Len=26"
"686","38.658596","192.168.1.19","54.179.212.40","UDP","492","51371  >  1053 Len=1930"
"687","38.659153","192.168.1.19","54.169.7.73","TCP","1506","57613  >  80 [ACK] Seq=5821 Ack=853 Win=511 Len=1452"
"689","38.660408","192.168.1.19","54.255.193.226","TCP","66","59009  >  80 [SYN] Seq=0 Win=64240 Len=0 MSS=1460 WS=256 SACK_PERM"
"690","38.662269","54.169.7.73","192.168.1.19","TCP","56","80  >  57613 [ACK] Seq=853 Ack=7761 Win=363 Len=0"
"692","38.662499","192.168.1.19","54.179.212.40","DNS","492","Standard query 0x0a04[Malformed Packet]"
"694","38.698563","192.168.1.19","54.255.193.226","TCP","54","59009  >  80 [ACK] Seq=1 Ack=1 Win=132096 Len=0"
"696","38.699059","54.179.212.40","192.168.1.19","DNS","118","Standard query 0x0a04[Malformed Packet]"
"697","38.699092","192.168.1.19","54.255.193.226","TCP","1506","59009  >  80 [ACK] Seq=284 Ack=1 Win=132096 Len=1452 [TCP PDU reassembled in 698]"
"698","38.699092","192.168.1.19","54.255.193.226","HTTP","660","POST /cloudquery.php HTTP/1.1 "
"700","38.699844","192.168.1.19","54.179.212.40","DNS","492","Standard query 0x0a04[Malformed Packet]"
"701","38.701236","54.255.193.226","192.168.1.19","TCP","54","80  >  59009 [ACK] Seq=1 Ack=284 Win=30720 Len=0"
"702","38.701968","54.255.193.226","192.168.1.19","TCP","54","80  >  59009 [ACK] Seq=1 Ack=1736 Win=33280 Len=0"
"703","38.702521","54.255.193.226","192.168.1.19","TCP","54","80  >  59009 [ACK] Seq=1 Ack=2342 Win=36352 Len=0"
"705","38.737155","54.179.212.40","192.168.1.19","DNS","118","Standard query 0x0a04[Malformed Packet]"
"707","38.738017","192.168.1.19","54.255.187.139","DNS","492","Standard query 0x0a04[Malformed Packet]"
"708","38.742866","54.255.193.226","192.168.1.19","HTTP","638","HTTP/1.1 200 OK "
"710","38.745772","192.168.1.19","54.169.7.73","TCP","54","57613  >  80 [ACK] Seq=7761 Ack=1137 Win=510 Len=0"
"711","38.779679","54.255.187.139","192.168.1.19","DNS","118","Standard query 0x0a04[Malformed Packet]"
"713","38.780590","192.168.1.19","54.255.187.139","DNS","492","Standard query 0x0a04[Malformed Packet]"
"715","38.792130","192.168.1.19","54.255.193.226","TCP","54","59009  >  80 [ACK] Seq=2343 Ack=586 Win=131328 Len=0"
"716","38.821705","54.255.187.139","192.168.1.19","DNS","118","Standard query 0x0a04[Malformed Packet]"
"717","38.869844","192.168.1.19","142.250.182.46","UDP","71","58785  >  443 Len=29"
"718","38.874497","142.250.182.46","192.168.1.19","UDP","68","443  >  58785 Len=26"
"719","39.117013","192.168.1.25","192.168.1.255","NBNS","92","Name query NB DESKTOP-9CQD17A<1c>"
"720","39.683151","192.168.1.19","142.250.182.46","UDP","71","58785  >  443 Len=29"
"721","39.687583","142.250.182.46","192.168.1.19","UDP","68","443  >  58785 Len=26"
"722","39.936220","192.168.1.25","192.168.1.255","NBNS","92","Name query NB DESKTOP-9CQD17A<1c>"
"723","40.652994","192.168.1.25","192.168.1.255","NBNS","92","Name query NB DESKTOP-9CQD17A<1c>"
"724","41.302904","192.168.1.19","142.250.182.46","UDP","71","58785  >  443 Len=29"
"725","41.306265","142.250.182.46","192.168.1.19","UDP","68","443  >  58785 Len=26"
"726","41.472223","192.168.1.25","192.168.1.255","NBNS","92","Name query NB DESKTOP-9CQD17A<1c>"
"727","41.535194","172.253.118.188","192.168.1.19","TLSv1.2","385","Application Data"
"728","41.582831","192.168.1.19","172.253.118.188","TCP","54","58632  >  5228 [ACK] Seq=37 Ack=3349 Win=509 Len=0"
"729","41.677678","192.168.1.4","224.0.0.251","MDNS","254","Standard query response 0x0000 PTR DESKTOP-NOCB2OF._dosvc._tcp.local SRV 0 0 7680 DESKTOP-NOCB2OF.local TXT"
"730","41.677678","fe80::c0c4:caf4:43da:ac38","ff02::fb","MDNS","274","Standard query response 0x0000 PTR DESKTOP-NOCB2OF._dosvc._tcp.local SRV 0 0 7680 DESKTOP-NOCB2OF.local TXT"
"733","41.804646","192.168.1.19","142.250.71.14","UDP","1287","53677  >  443 Len=1245"
"734","41.804909","192.168.1.19","142.250.71.14","UDP","224","53677  >  443 Len=182"
"735","41.810912","142.250.71.14","192.168.1.19","UDP","73","443  >  53677 Len=31"
"736","41.816071","192.168.1.19","142.250.71.14","UDP","75","53677  >  443 Len=33"
"738","42.018711","192.168.1.19","142.250.71.14","UDP","71","53677  >  443 Len=29"
"739","42.021983","142.250.71.14","192.168.1.19","UDP","68","443  >  53677 Len=26"
"741","42.162190","142.250.71.14","192.168.1.19","UDP","1287","443  >  53677 Len=1245"
"742","42.162190","142.250.71.14","192.168.1.19","UDP","1292","443  >  53677 Len=1250"
"743","42.162190","142.250.71.14","192.168.1.19","UDP","1292","443  >  53677 Len=1250"
"744","42.162190","142.250.71.14","192.168.1.19","UDP","1292","443  >  53677 Len=1250"
"745","42.162190","142.250.71.14","192.168.1.19","UDP","1292","443  >  53677 Len=1250"
"746","42.162433","142.250.71.14","192.168.1.19","UDP","274","443  >  53677 Len=232"
"747","42.162494","142.250.71.14","192.168.1.19","UDP","293","443  >  53677 Len=251"
"748","42.163113","192.168.1.19","142.250.71.14","UDP","81","53677  >  443 Len=39"
"749","42.163371","192.168.1.19","142.250.71.14","UDP","74","53677  >  443 Len=32"
"750","42.166195","192.168.1.19","202.88.152.8","DNS","77","Standard query 0x3ec8 A beacons2.gvt2.com"
"751","42.166515","142.250.71.14","192.168.1.19","UDP","68","443  >  53677 Len=26"
"752","42.166954","192.168.1.19","202.88.152.8","DNS","77","Standard query 0x2a1a HTTPS beacons2.gvt2.com"
"753","42.168797","202.88.152.8","192.168.1.19","DNS","204","Standard query response 0x3ec8 A beacons2.gvt2.com A 142.251.184.94 NS ns2.google.com NS ns3.google.com NS ns1.google.com NS ns4.google.com A 216.239.32.10 A 216.239.36.10"
"756","42.188801","192.168.1.25","192.168.1.255","NBNS","92","Name query NB DESKTOP-9CQD17A<1c>"
"757","42.203407","202.88.152.8","192.168.1.19","DNS","134","Standard query response 0x2a1a HTTPS beacons2.gvt2.com SOA ns1.google.com"
"759","42.333597","192.168.1.19","157.240.23.53","TLSv1.2","123","Application Data"
"760","42.335789","157.240.23.53","192.168.1.19","TCP","56","443  >  49795 [ACK] Seq=506 Ack=510 Win=358 Len=0"
"768","42.423008","142.251.184.94","192.168.1.19","QUIC","1287","Protected Payload (KP0)"
"778","42.518326","157.240.23.53","192.168.1.19","TLSv1.2","142","Application Data"
"779","42.521020","192.168.1.19","157.240.23.53","TLSv1.2","126","Application Data"
"780","42.522540","157.240.23.53","192.168.1.19","TCP","56","443  >  49795 [ACK] Seq=594 Ack=582 Win=358 Len=0"
"781","42.537589","157.240.23.53","192.168.1.19","TLSv1.2","125","Application Data"
"782","42.581907","192.168.1.19","157.240.23.53","TCP","54","49795  >  443 [ACK] Seq=582 Ack=665 Win=511 Len=0"
"784","42.670099","142.251.184.94","192.168.1.19","QUIC","990","Protected Payload (KP0)"
"785","42.670099","142.251.184.94","192.168.1.19","QUIC","164","Protected Payload (KP0)"
"787","42.671190","142.251.184.94","192.168.1.19","QUIC","69","Protected Payload (KP0)"
"788","42.673213","142.251.184.94","192.168.1.19","QUIC","606","Protected Payload (KP0)"
"789","42.673213","142.251.184.94","192.168.1.19","QUIC","63","Protected Payload (KP0)"
"793","42.931395","142.250.196.35","192.168.1.19","QUIC","71","Protected Payload (KP0)"
"794","42.939095","142.251.184.94","192.168.1.19","QUIC","66","Protected Payload (KP0)"
"796","42.964057","142.250.196.35","192.168.1.19","QUIC","157","Protected Payload (KP0)"
"798","43.008029","192.168.1.25","192.168.1.255","NBNS","92","Name query NB DESKTOP-9CQD17A<1c>"
"799","43.033258","142.250.196.35","192.168.1.19","QUIC","66","Protected Payload (KP0)"
"801","43.206891","192.168.1.19","54.255.187.139","UDP","492","65251  >  1053 Len=1930"
"803","43.674266","192.168.1.19","54.179.212.40","UDP","492","65252  >  1053 Len=1930"
"804","43.734905","192.168.1.25","192.168.1.255","NBNS","92","Name query NB DESKTOP-9CQD17A<1c>"
"805","43.852332","104.18.36.252","192.168.1.19","TLSv1.2","78","Application Data"
"806","43.853076","192.168.1.19","104.18.36.252","TLSv1.2","82","Application Data"
"807","43.856431","104.18.36.252","192.168.1.19","TCP","54","443  >  58711 [ACK] Seq=73 Ack=85 Win=10 Len=0"
"808","44.442110","192.168.1.25","192.168.1.255","NBNS","92","Name query NB DESKTOP-9CQD17A<1c>"
"809","44.511101","192.168.1.19","142.250.182.46","UDP","71","58785  >  443 Len=29"
"810","44.515319","142.250.182.46","192.168.1.19","UDP","68","443  >  58785 Len=26"
"811","44.596886","192.168.1.19","104.18.36.252","TLSv1.2","84","Application Data"
"813","44.601039","104.18.36.252","192.168.1.19","TCP","54","443  >  58711 [ACK] Seq=73 Ack=115 Win=10 Len=0"
"815","44.604873","192.168.1.19","104.18.36.252","TCP","54","58711  >  443 [ACK] Seq=116 Ack=74 Win=512 Len=0"
"816","45.261317","192.168.1.25","192.168.1.255","NBNS","92","Name query NB DESKTOP-9CQD17A<1c>"
"817","45.651321","172.253.118.188","192.168.1.19","TLSv1.2","389","Application Data"
"818","45.698206","192.168.1.19","172.253.118.188","TCP","54","58632  >  5228 [ACK] Seq=37 Ack=3684 Win=507 Len=0"
"819","45.842057","54.169.5.36","192.168.1.19","TCP","54","[TCP Dup ACK 102#2] 80  >  57614 [ACK] Seq=1 Ack=1 Win=60 Len=0"
"820","45.842117","192.168.1.19","54.169.5.36","TCP","54","[TCP Dup ACK 103#2] 57614  >  80 [ACK] Seq=1 Ack=2 Win=514 Len=0"
"821","45.920597","192.168.1.19","142.250.71.14","UDP","1287","53677  >  443 Len=1245"
"822","45.920952","192.168.1.19","142.250.71.14","UDP","239","53677  >  443 Len=197"
"823","45.924687","142.250.71.14","192.168.1.19","UDP","72","443  >  53677 Len=30"
"824","45.932190","192.168.1.19","142.250.71.14","UDP","75","53677  >  443 Len=33"
"825","45.978377","192.168.1.25","192.168.1.255","NBNS","92","Name query NB DESKTOP-9CQD17A<1c>"
"826","46.134008","192.168.1.19","142.250.71.14","UDP","71","53677  >  443 Len=29"
"827","46.137843","142.250.71.14","192.168.1.19","UDP","68","443  >  53677 Len=26"
"828","46.280067","142.250.71.14","192.168.1.19","UDP","206","443  >  53677 Len=164"
"829","46.280215","142.250.71.14","192.168.1.19","UDP","1287","443  >  53677 Len=1245"
"830","46.280215","142.250.71.14","192.168.1.19","UDP","1292","443  >  53677 Len=1250"
"831","46.280215","142.250.71.14","192.168.1.19","UDP","1292","443  >  53677 Len=1250"
"832","46.280215","142.250.71.14","192.168.1.19","UDP","302","443  >  53677 Len=260"
"833","46.280498","192.168.1.19","142.250.71.14","UDP","76","53677  >  443 Len=34"
"834","46.280748","192.168.1.19","142.250.71.14","UDP","81","53677  >  443 Len=39"
"835","46.280876","192.168.1.19","142.250.71.14","UDP","76","53677  >  443 Len=34"
"836","46.280964","192.168.1.19","142.250.71.14","UDP","77","53677  >  443 Len=35"
"837","46.281057","192.168.1.19","142.250.71.14","UDP","75","53677  >  443 Len=33"
"838","46.289245","142.250.71.14","192.168.1.19","UDP","67","443  >  53677 Len=25"
"839","46.796505","192.168.1.25","192.168.1.255","NBNS","92","Name query NB DESKTOP-9CQD17A<1c>"
"840","47.175420","zte_b3:68:ac","Intel_12:62:ae","ARP","42","Who has 192.168.1.19? Tell 192.168.1.1"
"841","47.175461","Intel_12:62:ae","zte_b3:68:ac","ARP","42","192.168.1.19 is at 90:61:ae:12:62:ae"
"843","48.662532","192.168.1.19","54.255.187.139","UDP","492","55433  >  1053 Len=1930"
"845","49.134562","192.168.1.19","54.179.212.40","DNS","492","Standard query 0x0a04[Malformed Packet]"
"846","49.135833","192.168.1.19","54.255.193.226","TCP","66","59010  >  80 [SYN] Seq=0 Win=64240 Len=0 MSS=1460 WS=256 SACK_PERM"
"847","49.135921","192.168.1.19","54.169.7.73","TCP","1506","57613  >  80 [ACK] Seq=7761 Ack=1137 Win=510 Len=1452"
"850","49.136653","192.168.1.19","54.179.212.40","UDP","492","55435  >  1053 Len=1930"
"851","49.138748","54.169.7.73","192.168.1.19","TCP","56","80  >  57613 [ACK] Seq=1137 Ack=9701 Win=371 Len=0"
"852","49.152277","192.168.1.25","192.168.1.255","NBNS","92","Name query NB DESKTOP-9CQD17A<1c>"
"854","49.172085","192.168.1.19","54.255.193.226","TCP","54","59010  >  80 [ACK] Seq=1 Ack=1 Win=132096 Len=0"
"856","49.172466","192.168.1.19","54.255.193.226","TCP","1506","59010  >  80 [ACK] Seq=284 Ack=1 Win=132096 Len=1452 [TCP PDU reassembled in 857]"
"857","49.172466","192.168.1.19","54.255.193.226","HTTP","652","POST /cloudquery.php HTTP/1.1 "
"858","49.175226","54.255.193.226","192.168.1.19","TCP","54","80  >  59010 [ACK] Seq=1 Ack=284 Win=30720 Len=0"
"859","49.175226","54.255.193.226","192.168.1.19","TCP","54","80  >  59010 [ACK] Seq=1 Ack=2334 Win=34816 Len=0"
"861","49.221960","192.168.1.19","54.169.7.73","TCP","54","57613  >  80 [ACK] Seq=9701 Ack=1421 Win=516 Len=0"
"862","49.222131","54.255.193.226","192.168.1.19","HTTP","638","HTTP/1.1 200 OK "
"865","49.260420","192.168.1.19","54.255.193.226","TCP","54","59010  >  80 [ACK] Seq=2335 Ack=586 Win=131328 Len=0"
"866","49.747664","172.253.118.188","192.168.1.19","TLSv1.2","389","Application Data"
"867","49.798612","192.168.1.19","172.253.118.188","TCP","54","58632  >  5228 [ACK] Seq=37 Ack=4019 Win=512 Len=0"
"868","49.870661","192.168.1.25","192.168.1.255","NBNS","92","Name query NB DESKTOP-9CQD17A<1c>"
"869","50.006784","192.168.1.19","142.250.71.14","UDP","1287","53677  >  443 Len=1245"
"870","50.007090","192.168.1.19","142.250.71.14","UDP","221","53677  >  443 Len=179"
"871","50.010303","142.250.71.14","192.168.1.19","UDP","73","443  >  53677 Len=31"
"872","50.017210","192.168.1.19","142.250.71.14","UDP","75","53677  >  443 Len=33"
"873","50.220300","192.168.1.19","142.250.71.14","UDP","71","53677  >  443 Len=29"
"874","50.224595","142.250.71.14","192.168.1.19","UDP","68","443  >  53677 Len=26"
"876","50.374873","192.168.1.19","142.250.182.46","UDP","655","58785  >  443 Len=613"
"877","50.378743","142.250.182.46","192.168.1.19","UDP","72","443  >  58785 Len=30"
"878","50.392496","192.168.1.19","142.250.182.46","UDP","75","58785  >  443 Len=33"
"879","50.393079","142.250.71.14","192.168.1.19","UDP","1287","443  >  53677 Len=1245"
"880","50.393348","142.250.71.14","192.168.1.19","UDP","154","443  >  53677 Len=112"
"881","50.393641","192.168.1.19","142.250.71.14","UDP","81","53677  >  443 Len=39"
"882","50.393956","142.250.71.14","192.168.1.19","UDP","1292","443  >  53677 Len=1250"
"883","50.393956","142.250.71.14","192.168.1.19","UDP","1292","443  >  53677 Len=1250"
"884","50.393956","142.250.71.14","192.168.1.19","UDP","1292","443  >  53677 Len=1250"
"885","50.393956","142.250.71.14","192.168.1.19","UDP","1292","443  >  53677 Len=1250"
"886","50.393956","142.250.71.14","192.168.1.19","UDP","218","443  >  53677 Len=176"
"887","50.394580","192.168.1.19","142.250.71.14","UDP","77","53677  >  443 Len=35"
"888","50.394733","192.168.1.19","142.250.71.14","UDP","77","53677  >  443 Len=35"
"889","50.394831","192.168.1.19","142.250.71.14","UDP","77","53677  >  443 Len=35"
"890","50.394927","192.168.1.19","142.250.71.14","UDP","77","53677  >  443 Len=35"
"891","50.395025","192.168.1.19","142.250.71.14","UDP","75","53677  >  443 Len=33"
"892","50.399269","142.250.71.14","192.168.1.19","UDP","68","443  >  53677 Len=26"
"896","50.528322","192.168.1.19","54.212.198.181","TCP","54","[TCP Dup ACK 369#1] 58712  >  443 [ACK] Seq=2 Ack=1 Win=513 Len=0"
"897","50.528501","192.168.1.19","54.212.198.181","TCP","54","58712  >  443 [ACK] Seq=2 Ack=65 Win=512 Len=0"
"899","50.594979","192.168.1.19","142.250.182.46","UDP","71","58785  >  443 Len=29"
"900","50.600564","142.250.182.46","192.168.1.19","UDP","68","443  >  58785 Len=26"
"901","50.688365","192.168.1.25","192.168.1.255","NBNS","92","Name query NB DESKTOP-9CQD17A<1c>"
"902","50.735867","142.250.182.46","192.168.1.19","UDP","1026","443  >  58785 Len=984"
"903","50.735867","142.250.182.46","192.168.1.19","UDP","90","443  >  58785 Len=48"
"904","50.737552","192.168.1.19","142.250.182.46","UDP","79","58785  >  443 Len=37"
"905","50.737998","142.250.182.46","192.168.1.19","UDP","78","443  >  58785 Len=36"
"906","50.737998","142.250.182.46","192.168.1.19","UDP","131","443  >  58785 Len=89"
"907","50.742069","142.250.182.46","192.168.1.19","UDP","68","443  >  58785 Len=26"
"908","50.742839","192.168.1.19","142.250.182.46","UDP","74","58785  >  443 Len=32"
"909","50.781781","54.212.198.181","192.168.1.19","TCP","54","443  >  58712 [ACK] Seq=65 Ack=3 Win=268 Len=0"
"910","50.781781","54.212.198.181","192.168.1.19","TCP","54","[TCP Dup ACK 909#1] 443  >  58712 [ACK] Seq=65 Ack=3 Win=268 Len=0"
"911","50.952646","192.168.1.19","142.250.182.46","UDP","71","58785  >  443 Len=29"
"912","50.956536","142.250.182.46","192.168.1.19","UDP","68","443  >  58785 Len=26"
"913","51.033809","192.168.1.19","202.88.152.8","DNS","78","Standard query 0xcf68 A www.googleapis.com"
"914","51.034291","192.168.1.19","202.88.152.8","DNS","78","Standard query 0x05c2 HTTPS www.googleapis.com"
"915","51.036113","202.88.152.8","192.168.1.19","DNS","445","Standard query response 0xcf68 A www.googleapis.com A 142.250.196.42 A 142.250.195.170 A 142.250.205.74 A 142.250.206.10 A 142.250.195.106 A 142.250.196.74 A 142.250.182.42 A 142.250.195.138 A 142.250.182.10 A 142.250.207.74 A 142.250.77.170 A 142.250.195.202 A 142.250.196.170 A 142.250.195.234 A 142.250.196.10 A 142.250.195.74 NS ns4.google.com NS ns1.google.com NS ns3.google.com NS ns2.google.com A 216.239.32.10 A 216.239.36.10"
"916","51.036972","202.88.152.8","192.168.1.19","DNS","135","Standard query response 0x05c2 HTTPS www.googleapis.com SOA ns1.google.com"
"929","51.077265","142.250.196.42","192.168.1.19","QUIC","456","Protected Payload (KP0)"
"930","51.077265","142.250.196.42","192.168.1.19","QUIC","878","Protected Payload (KP0)"
"931","51.077265","142.250.196.42","192.168.1.19","QUIC","180","Protected Payload (KP0)"
"932","51.077265","142.250.196.42","192.168.1.19","QUIC","66","Protected Payload (KP0)"
"938","51.079975","142.250.196.42","192.168.1.19","QUIC","162","Protected Payload (KP0)"
"940","51.081657","142.250.196.42","192.168.1.19","QUIC","71","Protected Payload (KP0)"
"941","51.081657","142.250.196.42","192.168.1.19","QUIC","67","Protected Payload (KP0)"
"943","51.157470","192.168.1.19","142.250.182.46","UDP","71","58785  >  443 Len=29"
"944","51.161765","142.250.182.46","192.168.1.19","UDP","68","443  >  58785 Len=26"
"946","51.325747","142.250.196.42","192.168.1.19","QUIC","66","Protected Payload (KP0)"
"947","51.346031","142.250.196.42","192.168.1.19","QUIC","859","Protected Payload (KP0)"
"948","51.346031","142.250.196.42","192.168.1.19","QUIC","75","Protected Payload (KP0)"
"950","51.389949","142.250.196.42","192.168.1.19","QUIC","66","Protected Payload (KP0)"
"951","51.396183","192.168.1.19","142.250.182.46","UDP","71","58785  >  443 Len=29"
"952","51.400399","142.250.182.46","192.168.1.19","UDP","68","443  >  58785 Len=26"
"953","51.412800","192.168.1.19","104.18.36.252","TCP","66","59011  >  443 [SYN] Seq=0 Win=64240 Len=0 MSS=1460 WS=256 SACK_PERM"
"955","51.417159","192.168.1.19","104.18.36.252","TCP","54","59011  >  443 [ACK] Seq=1 Ack=1 Win=131584 Len=0"
"956","51.417927","192.168.1.19","104.18.36.252","TCP","1454","59011  >  443 [ACK] Seq=1 Ack=1 Win=131584 Len=1400 [TCP PDU reassembled in 957]"
"957","51.417927","192.168.1.19","104.18.36.252","TLSv1.3","642","Client Hello (SNI=stream.quillbot.com)"
"958","51.422331","104.18.36.252","192.168.1.19","TCP","54","443  >  59011 [ACK] Seq=1 Ack=1989 Win=73728 Len=0"
"961","51.424394","192.168.1.19","104.18.36.252","TCP","1454","59011  >  443 [ACK] Seq=2053 Ack=1382 Win=130048 Len=1400 [TCP PDU reassembled in 962]"
"962","51.424394","192.168.1.19","104.18.36.252","TLSv1.3","544","Application Data"
"963","51.435253","104.18.36.252","192.168.1.19","TCP","54","443  >  59011 [ACK] Seq=1382 Ack=3453 Win=73728 Len=0"
"964","51.436206","192.168.1.19","172.64.151.4","TLSv1.2","1454","Ignored Unknown Record"
"965","51.436206","192.168.1.19","172.64.151.4","TLSv1.2","1454","Ignored Unknown Record"
"966","51.436206","192.168.1.19","172.64.151.4","TLSv1.2","1340","Ignored Unknown Record"
"967","51.436403","192.168.1.19","172.64.151.4","TLSv1.2","93","Application Data"
"969","51.451909","172.64.151.4","192.168.1.19","TCP","54","443  >  58675 [ACK] Seq=1 Ack=1402 Win=11 Len=0"
"970","51.451909","172.64.151.4","192.168.1.19","TCP","54","443  >  58675 [ACK] Seq=1 Ack=2802 Win=12 Len=0"
"971","51.451909","172.64.151.4","192.168.1.19","TCP","54","443  >  58675 [ACK] Seq=1 Ack=4088 Win=12 Len=0"
"972","51.451909","172.64.151.4","192.168.1.19","TCP","54","443  >  58675 [ACK] Seq=1 Ack=4127 Win=12 Len=0"
"973","51.451909","172.64.151.4","192.168.1.19","TLSv1.2","93","Application Data"
"974","51.456216","172.64.151.4","192.168.1.19","TCP","66","[TCP Dup ACK 972#1] 443  >  58675 [ACK] Seq=40 Ack=4127 Win=12 Len=0 SLE=2727 SRE=4127"
"975","51.458542","172.64.151.4","192.168.1.19","TLSv1.2","143","Application Data"
"976","51.458629","192.168.1.19","172.64.151.4","TCP","54","58675  >  443 [ACK] Seq=4127 Ack=129 Win=513 Len=0"
"977","51.469648","104.18.36.252","192.168.1.19","TCP","54","443  >  59011 [ACK] Seq=1382 Ack=3943 Win=81920 Len=0"
"978","51.507273","192.168.1.25","192.168.1.255","NBNS","92","Name query NB DESKTOP-9CQD17A<1c>"
"979","51.626926","192.168.1.19","142.250.182.46","UDP","71","58785  >  443 Len=29"
"980","51.638234","142.250.182.46","192.168.1.19","UDP","68","443  >  58785 Len=26"
"981","51.854432","192.168.1.19","142.250.182.46","UDP","71","58785  >  443 Len=29"
"982","51.859097","142.250.182.46","192.168.1.19","UDP","68","443  >  58785 Len=26"
"983","52.074546","192.168.1.19","142.250.182.46","UDP","71","58785  >  443 Len=29"
"984","52.078620","142.250.182.46","192.168.1.19","UDP","68","443  >  58785 Len=26"
"986","52.191950","104.18.36.252","192.168.1.19","TLSv1.3","269","Application Data"
"987","52.192069","192.168.1.19","104.18.36.252","TCP","54","59011  >  443 [ACK] Seq=3943 Ack=2343 Win=131584 Len=0"
"988","52.195048","192.168.1.19","104.18.36.252","TLSv1.3","500","Application Data"
"989","52.198845","104.18.36.252","192.168.1.19","TCP","54","443  >  59011 [ACK] Seq=2343 Ack=4389 Win=81920 Len=0"
"990","52.224064","192.168.1.25","192.168.1.255","NBNS","92","Name query NB DESKTOP-9CQD17A<1c>"
"991","52.370071","192.168.1.19","142.250.182.46","UDP","652","58785  >  443 Len=610"
"992","52.375606","142.250.182.46","192.168.1.19","UDP","72","443  >  58785 Len=30"
"993","52.388826","192.168.1.19","142.250.182.46","UDP","75","58785  >  443 Len=33"
"994","52.457252","104.18.36.252","192.168.1.19","TLSv1.3","221","Application Data"
"995","52.497862","192.168.1.19","104.18.36.252","TCP","54","59011  >  443 [ACK] Seq=4389 Ack=2510 Win=131328 Len=0"
"996","52.577152","192.168.1.19","142.250.182.46","UDP","71","58785  >  443 Len=29"
"997","52.581237","142.250.182.46","192.168.1.19","UDP","68","443  >  58785 Len=26"
"998","52.741993","142.250.182.46","192.168.1.19","UDP","1030","443  >  58785 Len=988"
"999","52.741993","142.250.182.46","192.168.1.19","UDP","90","443  >  58785 Len=48"
"1000","52.741993","142.250.182.46","192.168.1.19","UDP","78","443  >  58785 Len=36"
"1001","52.741993","142.250.182.46","192.168.1.19","UDP","157","443  >  58785 Len=115"
"1002","52.743927","192.168.1.19","142.250.182.46","UDP","79","58785  >  443 Len=37"
"1003","52.748090","142.250.182.46","192.168.1.19","UDP","68","443  >  58785 Len=26"
"1004","52.941398","192.168.1.25","192.168.1.255","NBNS","92","Name query NB DESKTOP-9CQD17A<1c>"
"1005","52.950422","192.168.1.19","142.250.182.46","UDP","71","58785  >  443 Len=29"
"1006","52.955355","142.250.182.46","192.168.1.19","UDP","68","443  >  58785 Len=26"
"1007","53.169869","192.168.1.19","142.250.182.46","UDP","71","58785  >  443 Len=29"
"1008","53.173579","142.250.182.46","192.168.1.19","UDP","68","443  >  58785 Len=26"
"1009","53.404673","192.168.1.19","142.250.182.46","UDP","71","58785  >  443 Len=29"
"1010","53.409009","142.250.182.46","192.168.1.19","UDP","68","443  >  58785 Len=26"
"1012","53.622408","192.168.1.19","142.250.182.46","UDP","71","58785  >  443 Len=29"
"1013","53.626467","142.250.182.46","192.168.1.19","UDP","68","443  >  58785 Len=26"
"1015","53.672574","192.168.1.19","54.255.187.139","UDP","492","52702  >  1053 Len=1930"
"1016","53.756561","172.253.118.188","192.168.1.19","TLSv1.2","389","Application Data"
"1017","53.808426","192.168.1.19","172.253.118.188","TCP","54","58632  >  5228 [ACK] Seq=37 Ack=4354 Win=511 Len=0"
"1018","53.842167","192.168.1.19","142.250.182.46","UDP","71","58785  >  443 Len=29"
"1019","53.846833","142.250.182.46","192.168.1.19","UDP","68","443  >  58785 Len=26"
"1020","53.862536","192.168.1.25","192.168.1.255","NBNS","92","Name query NB DESKTOP-9CQD17A<1c>"
"1021","54.031397","192.168.1.19","142.250.71.14","UDP","1287","53677  >  443 Len=1245"
"1022","54.031518","192.168.1.19","142.250.71.14","UDP","224","53677  >  443 Len=182"
"1023","54.033416","142.250.182.46","192.168.1.19","UDP","78","443  >  58785 Len=36"
"1024","54.037358","142.250.71.14","192.168.1.19","UDP","73","443  >  53677 Len=31"
"1025","54.037734","192.168.1.19","142.250.182.46","UDP","75","58785  >  443 Len=33"
"1026","54.043870","192.168.1.19","142.250.71.14","UDP","75","53677  >  443 Len=33"
"1027","54.059043","192.168.1.19","142.250.182.46","UDP","71","58785  >  443 Len=29"
"1028","54.063218","142.250.182.46","192.168.1.19","UDP","68","443  >  58785 Len=26"
"1030","54.140675","192.168.1.19","54.179.212.40","DNS","492","Standard query 0x0a04[Malformed Packet]"
"1032","54.141458","192.168.1.19","54.179.212.40","UDP","492","57034  >  1053 Len=1930"
"1033","54.184690","54.179.212.40","192.168.1.19","DNS","118","Standard query 0x0a04[Malformed Packet]"
"1035","54.185761","192.168.1.19","54.255.187.139","DNS","492","Standard query 0x0a04[Malformed Packet]"
"1036","54.223464","54.255.187.139","192.168.1.19","DNS","118","Standard query 0x0a04[Malformed Packet]"
"1038","54.224285","192.168.1.19","54.255.187.139","DNS","492","Standard query 0x0a04[Malformed Packet]"
"1039","54.247062","192.168.1.19","142.250.71.14","UDP","71","53677  >  443 Len=29"
"1040","54.251560","142.250.71.14","192.168.1.19","UDP","68","443  >  53677 Len=26"
"1041","54.262006","54.255.187.139","192.168.1.19","DNS","118","Standard query 0x0a04[Malformed Packet]"
"1042","54.278621","192.168.1.19","142.250.182.46","UDP","71","58785  >  443 Len=29"
"1043","54.282811","142.250.182.46","192.168.1.19","UDP","68","443  >  58785 Len=26"
"1044","54.377921","142.250.71.14","192.168.1.19","UDP","1287","443  >  53677 Len=1245"
"1045","54.377921","142.250.71.14","192.168.1.19","UDP","1292","443  >  53677 Len=1250"
"1046","54.377921","142.250.71.14","192.168.1.19","UDP","1292","443  >  53677 Len=1250"
"1047","54.377921","142.250.71.14","192.168.1.19","UDP","1292","443  >  53677 Len=1250"
"1048","54.377921","142.250.71.14","192.168.1.19","UDP","716","443  >  53677 Len=674"
"1049","54.377921","142.250.71.14","192.168.1.19","UDP","78","443  >  53677 Len=36"
"1050","54.389282","142.250.71.14","192.168.1.19","UDP","322","443  >  53677 Len=280"
"1051","54.389537","192.168.1.19","142.250.71.14","UDP","79","53677  >  443 Len=37"
"1052","54.393821","142.250.71.14","192.168.1.19","UDP","68","443  >  53677 Len=26"
"1053","54.484878","192.168.1.19","142.250.182.46","UDP","71","58785  >  443 Len=29"
"1054","54.489270","142.250.182.46","192.168.1.19","UDP","68","443  >  58785 Len=26"
"1055","54.681729","192.168.1.25","192.168.1.255","NBNS","92","Name query NB DESKTOP-9CQD17A<1c>"
"1056","54.704160","192.168.1.19","142.250.182.46","UDP","71","58785  >  443 Len=29"
"1057","54.708396","142.250.182.46","192.168.1.19","UDP","68","443  >  58785 Len=26"
"1058","54.923785","192.168.1.19","142.250.182.46","UDP","71","58785  >  443 Len=29"
"1059","54.936785","142.250.182.46","192.168.1.19","UDP","68","443  >  58785 Len=26"
"1060","55.142157","192.168.1.19","142.250.182.46","UDP","71","58785  >  443 Len=29"
"1061","55.146584","142.250.182.46","192.168.1.19","UDP","68","443  >  58785 Len=26"
"1062","55.398543","192.168.1.25","192.168.1.255","NBNS","92","Name query NB DESKTOP-9CQD17A<1c>"
"1063","55.561862","192.168.1.19","142.250.182.46","UDP","71","58785  >  443 Len=29"
"1064","55.565746","142.250.182.46","192.168.1.19","UDP","67","443  >  58785 Len=25"
"1065","56.217860","192.168.1.25","192.168.1.255","NBNS","92","Name query NB DESKTOP-9CQD17A<1c>"
"1066","56.370119","192.168.1.19","142.250.182.46","UDP","71","58785  >  443 Len=29"
"1067","56.375350","142.250.182.46","192.168.1.19","UDP","68","443  >  58785 Len=26"
"1068","56.485296","192.168.1.19","202.88.152.8","DNS","78","Standard query 0xa6ac A api2.amplitude.com"
"1069","56.486734","192.168.1.19","202.88.152.8","DNS","78","Standard query 0xa741 HTTPS api2.amplitude.com"
"1070","56.487852","202.88.152.8","192.168.1.19","DNS","206","Standard query response 0xa6ac A api2.amplitude.com A 44.236.42.231 A 52.35.116.192 A 35.161.228.198 A 44.236.28.5 A 34.223.188.56 A 54.191.104.245 A 52.36.165.150 A 34.213.79.11"
"1071","56.489765","202.88.152.8","192.168.1.19","DNS","160","Standard query response 0xa741 HTTPS api2.amplitude.com SOA ns-1262.awsdns-29.org"
"1072","56.491136","192.168.1.19","44.236.42.231","TCP","66","59012  >  443 [SYN] Seq=0 Win=64240 Len=0 MSS=1460 WS=256 SACK_PERM"
"1074","56.733834","192.168.1.19","44.236.42.231","TCP","54","59012  >  443 [ACK] Seq=1 Ack=1 Win=132096 Len=0"
"1075","56.735639","192.168.1.19","44.236.42.231","TCP","1506","59012  >  443 [ACK] Seq=1 Ack=1 Win=132096 Len=1452 [TCP PDU reassembled in 1076]"
"1076","56.735639","192.168.1.19","44.236.42.231","TLSv1.3","515","Client Hello (SNI=api2.amplitude.com)"
"1077","56.934943","192.168.1.25","192.168.1.255","NBNS","92","Name query NB DESKTOP-9CQD17A<1c>"
"1078","56.977380","44.236.42.231","192.168.1.19","TCP","54","443  >  59012 [ACK] Seq=1 Ack=1453 Win=45056 Len=0"
"1079","56.977846","44.236.42.231","192.168.1.19","TCP","54","443  >  59012 [ACK] Seq=1 Ack=1914 Win=47872 Len=0"
"1081","56.979671","44.236.42.231","192.168.1.19","TCP","1506","443  >  59012 [ACK] Seq=1453 Ack=1914 Win=47872 Len=1452 [TCP PDU reassembled in 1085]"
"1082","56.979671","44.236.42.231","192.168.1.19","TCP","1506","443  >  59012 [ACK] Seq=2905 Ack=1914 Win=47872 Len=1452 [TCP PDU reassembled in 1085]"
"1083","56.979671","44.236.42.231","192.168.1.19","TCP","1506","443  >  59012 [ACK] Seq=4357 Ack=1914 Win=47872 Len=1452 [TCP PDU reassembled in 1085]"
"1084","56.979863","192.168.1.19","44.236.42.231","TCP","54","59012  >  443 [ACK] Seq=1914 Ack=5809 Win=132096 Len=0"
"1087","56.981507","192.168.1.19","44.236.42.231","TLSv1.3","146","Application Data"
"1088","56.981988","192.168.1.19","44.236.42.231","TLSv1.3","388","Application Data"
"1089","56.982127","192.168.1.19","44.236.42.231","TLSv1.3","1450","Application Data"
"1090","57.222010","44.236.42.231","192.168.1.19","TCP","54","443  >  59012 [ACK] Seq=6288 Ack=1978 Win=47872 Len=0"
"1091","57.222010","44.236.42.231","192.168.1.19","TLSv1.3","233","Application Data"
"1092","57.222010","44.236.42.231","192.168.1.19","TLSv1.3","116","Application Data"
"1093","57.222112","192.168.1.19","44.236.42.231","TCP","54","59012  >  443 [ACK] Seq=3800 Ack=6529 Win=131328 Len=0"
"1094","57.222360","192.168.1.19","44.236.42.231","TLSv1.3","85","Application Data"
"1095","57.222848","44.236.42.231","192.168.1.19","TCP","54","443  >  59012 [ACK] Seq=6529 Ack=2404 Win=50688 Len=0"
"1096","57.222928","44.236.42.231","192.168.1.19","TLSv1.3","85","Application Data"
"1097","57.235942","44.236.42.231","192.168.1.19","TLSv1.3","285","Application Data"
"1098","57.235942","44.236.42.231","192.168.1.19","TLSv1.3","85","Application Data"
"1099","57.236068","192.168.1.19","44.236.42.231","TCP","54","59012  >  443 [ACK] Seq=3831 Ack=6822 Win=131072 Len=0"
"1100","57.504777","44.236.42.231","192.168.1.19","TCP","54","443  >  59012 [ACK] Seq=6822 Ack=3831 Win=68608 Len=0"
"1101","57.588534","192.168.1.19","20.249.168.121","TLSv1.2","111","Application Data"
"1102","57.688974","20.249.168.121","192.168.1.19","TLSv1.2","100","Application Data"
"1103","57.742799","192.168.1.19","20.249.168.121","TCP","54","57617  >  443 [ACK] Seq=115 Ack=93 Win=514 Len=0"
"1104","57.754077","192.168.1.25","192.168.1.255","NBNS","92","Name query NB DESKTOP-9CQD17A<1c>"
"1105","57.773984","192.168.1.19","4.186.13.244","TLSv1.2","104","Application Data"
"1106","57.793350","4.186.13.244","192.168.1.19","TLSv1.2","93","Application Data"
"1107","57.835309","192.168.1.19","4.186.13.244","TCP","54","49793  >  443 [ACK] Seq=101 Ack=79 Win=513 Len=0"
"1108","57.842279","172.253.118.188","192.168.1.19","TLSv1.2","389","Application Data"
"1109","57.882709","192.168.1.19","172.253.118.188","TCP","54","58632  >  5228 [ACK] Seq=37 Ack=4689 Win=510 Len=0"
"1110","57.919667","4.224.95.102","192.168.1.19","TCP","1464","443  >  57616 [ACK] Seq=1123 Ack=253 Win=16384 Len=1410 [TCP PDU reassembled in 1111]"
"1111","57.919667","4.224.95.102","192.168.1.19","TLSv1.2","678","Application Data"
"1112","57.919667","4.224.95.102","192.168.1.19","TCP","1464","443  >  57616 [ACK] Seq=3157 Ack=253 Win=16384 Len=1410 [TCP PDU reassembled in 1113]"
"1113","57.919667","4.224.95.102","192.168.1.19","TLSv1.2","637","Application Data"
"1114","57.919855","192.168.1.19","4.224.95.102","TCP","54","57616  >  443 [ACK] Seq=253 Ack=5150 Win=515 Len=0"
"1115","57.975559","192.168.1.19","4.224.95.102","TLSv1.2","306","Application Data"
"1116","57.976871","192.168.1.19","142.250.182.46","UDP","71","58785  >  443 Len=29"
"1117","57.981019","142.250.182.46","192.168.1.19","UDP","68","443  >  58785 Len=26"
"1118","58.036169","4.224.95.102","192.168.1.19","TCP","54","443  >  57616 [ACK] Seq=5150 Ack=505 Win=16383 Len=0"
"1119","58.036224","192.168.1.19","4.224.95.102","TLSv1.2","304","Application Data"
"1120","58.097469","4.224.95.102","192.168.1.19","TCP","54","443  >  57616 [ACK] Seq=5150 Ack=755 Win=16382 Len=0"
"1121","58.103434","192.168.1.19","142.250.71.14","UDP","1287","53677  >  443 Len=1245"
"1122","58.103579","192.168.1.19","142.250.71.14","UDP","198","53677  >  443 Len=156"
"1123","58.107480","142.250.71.14","192.168.1.19","UDP","73","443  >  53677 Len=31"
"1124","58.117135","192.168.1.19","142.250.71.14","UDP","75","53677  >  443 Len=33"
"1125","58.137912","4.224.95.102","192.168.1.19","TCP","1464","443  >  57616 [ACK] Seq=5150 Ack=755 Win=16382 Len=1410 [TCP PDU reassembled in 1126]"
"1126","58.137912","4.224.95.102","192.168.1.19","TLSv1.2","681","Application Data"
"1127","58.137995","192.168.1.19","4.224.95.102","TCP","54","57616  >  443 [ACK] Seq=755 Ack=7187 Win=515 Len=0"
"1128","58.138206","4.224.95.102","192.168.1.19","TCP","1464","443  >  57616 [ACK] Seq=7187 Ack=755 Win=16382 Len=1410 [TCP PDU reassembled in 1129]"
"1129","58.138206","4.224.95.102","192.168.1.19","TLSv1.2","642","Application Data"
"1130","58.138316","192.168.1.19","4.224.95.102","TCP","54","57616  >  443 [ACK] Seq=755 Ack=9185 Win=515 Len=0"
"1131","58.139400","192.168.1.19","4.224.95.102","TLSv1.2","304","Application Data"
"1132","58.205254","4.224.95.102","192.168.1.19","TCP","54","443  >  57616 [ACK] Seq=9185 Ack=1005 Win=16381 Len=0"
"1133","58.205305","192.168.1.19","4.224.95.102","TLSv1.2","304","Application Data"
"1134","58.267421","4.224.95.102","192.168.1.19","TCP","54","443  >  57616 [ACK] Seq=9185 Ack=1255 Win=16380 Len=0"
"1135","58.318417","192.168.1.19","142.250.71.14","UDP","71","53677  >  443 Len=29"
"1136","58.322633","142.250.71.14","192.168.1.19","UDP","68","443  >  53677 Len=26"
"1137","58.459895","142.250.71.14","192.168.1.19","UDP","1287","443  >  53677 Len=1245"
"1138","58.459895","142.250.71.14","192.168.1.19","UDP","1292","443  >  53677 Len=1250"
"1139","58.459895","142.250.71.14","192.168.1.19","UDP","1292","443  >  53677 Len=1250"
"1140","58.459895","142.250.71.14","192.168.1.19","UDP","1292","443  >  53677 Len=1250"
"1141","58.459895","142.250.71.14","192.168.1.19","UDP","842","443  >  53677 Len=800"
"1142","58.462152","192.168.1.19","142.250.71.14","UDP","81","53677  >  443 Len=39"
"1143","58.465272","142.250.71.14","192.168.1.19","UDP","68","443  >  53677 Len=26"
"1144","58.470444","192.168.1.25","192.168.1.255","NBNS","92","Name query NB DESKTOP-9CQD17A<1c>"
"1145","58.473041","142.250.71.14","192.168.1.19","UDP","108","443  >  53677 Len=66"
"1146","58.473199","142.250.71.14","192.168.1.19","UDP","78","443  >  53677 Len=36"
"1147","58.473676","192.168.1.19","142.250.71.14","UDP","76","53677  >  443 Len=34"
"1148","58.473989","192.168.1.19","142.250.71.14","UDP","74","53677  >  443 Len=32"
"1150","59.151254","192.168.1.19","54.255.187.139","UDP","492","63052  >  1053 Len=1930"
"1151","59.187471","192.168.1.25","192.168.1.255","NBNS","92","Name query NB DESKTOP-9CQD17A<1c>"
"1153","59.654893","192.168.1.19","54.179.212.40","DNS","492","Standard query 0x0a04[Malformed Packet]"
"1154","59.655981","192.168.1.19","54.255.193.226","TCP","66","59013  >  80 [SYN] Seq=0 Win=64240 Len=0 MSS=1460 WS=256 SACK_PERM"
"1155","59.656057","192.168.1.19","54.169.7.73","TCP","1506","57613  >  80 [ACK] Seq=9701 Ack=1421 Win=516 Len=1452"
"1158","59.656856","192.168.1.19","54.179.212.40","UDP","492","63054  >  1053 Len=1930"
"1159","59.658613","54.169.7.73","192.168.1.19","TCP","56","80  >  57613 [ACK] Seq=1421 Ack=11641 Win=379 Len=0"
"1160","59.692354","54.179.212.40","192.168.1.19","DNS","118","Standard query 0x0a04[Malformed Packet]"
"1162","59.693211","192.168.1.19","54.255.193.226","TCP","54","59013  >  80 [ACK] Seq=1 Ack=1 Win=132096 Len=0"
"1164","59.693672","192.168.1.19","54.255.193.226","TCP","1506","59013  >  80 [ACK] Seq=284 Ack=1 Win=132096 Len=1452 [TCP PDU reassembled in 1165]"
"1165","59.693672","192.168.1.19","54.255.193.226","HTTP","660","POST /cloudquery.php HTTP/1.1 "
"1167","59.694592","192.168.1.19","54.179.212.40","DNS","492","Standard query 0x0a04[Malformed Packet]"
"1168","59.696123","54.255.193.226","192.168.1.19","TCP","54","80  >  59013 [ACK] Seq=1 Ack=284 Win=30720 Len=0"
"1169","59.696836","54.255.193.226","192.168.1.19","TCP","54","80  >  59013 [ACK] Seq=1 Ack=1736 Win=33280 Len=0"
"1170","59.698119","54.255.193.226","192.168.1.19","TCP","54","80  >  59013 [ACK] Seq=1 Ack=2342 Win=36352 Len=0"
"1172","59.732531","54.179.212.40","192.168.1.19","DNS","118","Standard query 0x0a04[Malformed Packet]"
"1174","59.733827","192.168.1.19","54.255.187.139","DNS","492","Standard query 0x0a04[Malformed Packet]"
"1175","59.737665","54.255.193.226","192.168.1.19","HTTP","638","HTTP/1.1 200 OK "
"1177","59.754753","192.168.1.19","54.169.7.73","TCP","54","57613  >  80 [ACK] Seq=11641 Ack=1705 Win=515 Len=0"
"1178","59.771752","54.255.193.226","192.168.1.19","TCP","54","80  >  59013 [ACK] Seq=585 Ack=2343 Win=36352 Len=0"
"1179","59.771752","54.255.187.139","192.168.1.19","DNS","118","Standard query 0x0a04[Malformed Packet]"
"1181","59.772642","192.168.1.19","54.255.187.139","DNS","492","Standard query 0x0a04[Malformed Packet]"
"1183","59.775105","192.168.1.19","54.255.193.226","TCP","54","59013  >  80 [ACK] Seq=2343 Ack=586 Win=131328 Len=0"
"1184","59.809989","54.255.187.139","192.168.1.19","DNS","118","Standard query 0x0a04[Malformed Packet]"
"1185","60.006540","192.168.1.25","192.168.1.255","NBNS","92","Name query NB DESKTOP-9CQD17A<1c>"
